Name;Price;Review;Score;Image;Category;URL;Platform
TOP LazMallโทรศัพท์มือถือ Sumsung Galaxy โทรศัพท์มือถือ 5g Note30 plus /Note10 Pro สมาร์ทโฟน 7.5นิ้ว RAM12GB ROM512GB โทรศัพท์ถูกๆ 6800MAh หน่วยความจำแฟลชแบบเต็มหน้าจอรองรับลายนิ้วมือสมาร์ทโฟน สเปคแท้/ราคาถูก เครื่องแท้ รับประกัน 12 เดือน;฿490.00;0;0;https://lzd-img-global.slatic.net/g/p/125f10890c1742a1c26d2fb57aae9465.jpg_200x200q80.jpg_.webp;โทรศัพท์มือถือ;https://www.lazada.co.th/products/top-lazmall-sumsung-galaxy-5g-note30-plus-note10-pro-75-ram12gb-rom512gb-6800mah-12-i3562952687-s13302280752.html?search=1;Lazada
ของแท้ Sumsung Galaxy S21 Ultra 5G โทรศัพท์มือถือ สมาร์ทโฟน 6.1นิ้ว (8GB+256GB) Mobile Phone น่วยความจำขนาดใหญ่ รองรับ2ซิม Smartphone 5000mAh เมนูภาษาไทย โทรศัพท์มือแท้;฿100.00;46;0;https://lzd-img-global.slatic.net/g/p/6b18d93c1978a1e41fa9fe0696e0cfa4.png_200x200q80.jpg_.webp;โทรศัพท์มือถือ;https://www.lazada.co.th/products/sumsung-galaxy-s21-ultra-5g-61-8gb256gb-mobile-phone-2-smartphone-5000mah-i3572886969-s13331117958.html?search=1;Lazada
🔥 โทรศัพท์ถูกๆ โทรศัพท์มือถือ SANSUMG Galaxy S21 Ultra สมาร์ทโฟนหน่วยความจำ 8GB+256GB Smartphone โทรศัพท์ราคถูก หน้าจอ 6.1นิ้ว แบต 5000 mAh รองรับทุกซิม เมนูภาษาไทย Mobile Phone รับประกันหนึ่งปี;฿100.00;46;0;https://lzd-img-global.slatic.net/g/p/1c557c935027630c31be7d69d43008e3.jpg_200x200q80.jpg_.webp;โทรศัพท์มือถือ;https://www.lazada.co.th/products/sansumg-galaxy-s21-ultra-8gb256gb-smartphone-61-5000-mah-mobile-phone-i3573156156-s13402354797.html?search=1;Lazada
🔥 ของแท้ 5G Sumsung Galaxy โทรศัพท์มือถือ Note30 6.1นิ้ว 12GB+512GB สมาร์ทโฟน smartphone ​โทรศัพท์ราคาถูก เมนูภาษาไทย เครื่องแท้ ใช้แอพพลิเคชั่นธนาคารได้ มือถ;฿700.00;45;0;https://lzd-img-global.slatic.net/g/p/da2de4b88b37e6fea5e948cd36e916ec.jpg_200x200q80.jpg_.webp;โทรศัพท์มือถือ;https://www.lazada.co.th/products/5g-sumsung-galaxy-note30-61-12gb512gb-smartphone-i3572984471-s13399745616.html?search=1;Lazada
🥇เมนูไทย โทรศัพท์มือถือ VIV0 X60 Pro Smartphone 5G ใส่ได้2ซิม โทรศัพท์ 8+256GB 6.1นิ้ว Android มือถือ โทรศัพท์สำห รับเล่นเกม มือถือ โทรศัพท์สำห โทรศัพท์ส;฿500.00;45;0;https://lzd-img-global.slatic.net/g/p/61a1fc214c020e41979ead51ab11886c.jpg_200x200q80.jpg_.webp;โทรศัพท์มือถือ;https://www.lazada.co.th/products/viv0-x60-pro-smartphone-5g-2-8256gb-61-android-i3573059053-s13401867162.html?search=1;Lazada
"[ผ่อน 0%] Infinix Hot 11S (6GB+128GB)  G88 Dual Chip Processor  หน้าจอ 6.78"" FHD+ 90Hz กล้อง 50MP แบตเตอรี่ 5000 mAH (ชาร์จไว18W)";฿4,690.00;649;0;https://lzd-img-global.slatic.net/g/p/066c58ae00638a4c4b710d284f725b62.jpg_200x200q80.jpg_.webp;โทรศัพท์มือถือ;https://www.lazada.co.th/products/0-infinix-hot-11s-6gb128gb-g88-dual-chip-processor-678-fhd-90hz-50mp-5000-mah-18w-i2895354932-s10578911907.html?search=1&freeshipping=1;Lazada
TOP1 Sunsung Galaxy Note30 Plus 7.5นิ้ว โทรคัพท์มือถือ 12GB+512GB โทรศัพท์ราคถูก โทรศัพท์ มือถือ 5G Smartphone Face Unlock เต็มจอ โทรศัพท์ถูกๆ โทรศัพท์เดิมโทรศัพท์;฿699.00;18;0;https://lzd-img-global.slatic.net/g/ot/im/cb1ddc1126efbb8154668bdf8266c50a.gif_200x200q80.gif_.webp;โทรศัพท์มือถือ;https://www.lazada.co.th/products/top1-sunsung-galaxy-note30-plus-75-12gb512gb-5g-smartphone-face-unlock-i3404294111-s12587541355.html?search=1;Lazada
เครื่องศูนย์ไทย | Xiaomi Redmi Note 11 | โทรศัพท์มือถือ | 90Hz AMOLED Snap 680 | ประกันศูนย์ รับประกัน 15 เดือน ประกันจอแตก;฿5,049.00;15;0;https://lzd-img-global.slatic.net/g/p/91cb4c1d47d238779269eb43da9a822d.jpg_200x200q80.jpg_.webp;โทรศัพท์มือถือ;https://www.lazada.co.th/products/xiaomi-redmi-note-11-90hz-amoled-snap-680-15-i3357726563-s13025369810.html?search=1;Lazada
【ส่งฟรี】SAMSUNG GT E1200 ปุ่มกดมือถือ โทรศัพท์ รุ่นซัมซุง ฮีโร่ ใช้งานง่าย พกพาสะดวก;฿216.00;274;0;https://lzd-img-global.slatic.net/g/p/23337d90398332fd6f547725314ce5eb.jpg_200x200q80.jpg_.webp;โทรศัพท์มือถือ;https://www.lazada.co.th/products/samsung-gt-e1200-i3002562238-s11016570521.html?search=1;Lazada
（ส่งฟรี）โทรศัพท์มือถือ oppo A57 เครื่องใหม่ (ของเเท้100%) RAM 3GB ROM 32GB ประกันร้าน 12 เดือน แถมฟรีอุปกรณ์ครบชุด;฿1,524.00;557;0;https://lzd-img-global.slatic.net/g/p/13869df81ef62fd32eb446ea3fedec24.jpg_200x200q80.jpg_.webp;โทรศัพท์มือถือ;https://www.lazada.co.th/products/oppo-a57-100-ram-3gb-rom-32gb-12-i3065377597-s11228536699.html?search=1&freeshipping=1;Lazada
SAMSUNG Hero 3G 📱 E3309 โทรศัพท์ ซัมซุงฮีโร่ จอสี ถ่ายรูปได้ มีปุ่มกด รองรับ 3G มีเมนูภาษาไทย;฿468.00;32;0;https://lzd-img-global.slatic.net/g/p/06c31f81d4b13a05c59ac067e0f01c8f.jpg_200x200q80.jpg_.webp;โทรศัพท์มือถือ;https://www.lazada.co.th/products/samsung-hero-3g-e3309-3g-i3193508285-s11929464927.html?search=1;Lazada
"(ฟรี! Xiaomi Yoon Box Gift Set+Mi Body Composition Scale 2) Xiaomi 11 Lite 5G NE (6+128GB) สมาร์ทโฟน โทรศัท์มือถือ หน้าจอ 6.55"" 90HZ AMOLED Display | 64MP triple camera |ชิปเซ็ต Snapdragon 778G |ประกันศูนย์";฿7,990.00;5;0;https://lzd-img-global.slatic.net/g/p/cd05e52f3d29c19b6c296b4b5929c571.png_200x200q80.jpg_.webp;โทรศัพท์มือถือ;https://www.lazada.co.th/products/xiaomi-yoon-box-gift-setmi-body-composition-scale-2-xiaomi-11-lite-5g-ne-6128gb-655-90hz-amoled-display-64mp-triple-camera-snapdragon-778g-i2925456669-s10727523000.html?search=1;Lazada
มือถือ3310 โทรศัพท์ปุ่มกด 4G 2ซิม ไลน์ เฟส ได้ รุ่นใหม่ (หน้าจอ2.4);฿339.00;138;0;https://lzd-img-global.slatic.net/g/p/1fd86704442ddd280e171d6b85a14972.jpg_200x200q80.jpg_.webp;โทรศัพท์มือถือ;https://www.lazada.co.th/products/3310-4g-2-24-i2870903017-s10479650217.html?search=1;Lazada
5G Sumsung Galaxy โทรศัพท์มือถือ Note30 6.7นิ้ว 12GB+512GB สมาร์ทโฟน smartphone ​โทรศัพท์ราคาถูก เมนูภาษาไทย เครื่องแท้ ใช้แอพพลิเคชั่นธนาคารได้ มือถือ;฿1,078.00;73;0;https://lzd-img-global.slatic.net/g/ot/im/e51eda3a1bba7e00b90dffa4d47f5959.gif_200x200q80.gif_.webp;โทรศัพท์มือถือ;https://www.lazada.co.th/products/5g-sumsung-galaxy-note30-67-12gb512gb-smartphone-i3256212619-s12095367832.html?search=1;Lazada
"【จัดส่งฟรี】2020 OPPO A31 (6+128GB) + กล้อง Triple Camera + จอกว้าง 6.5"" (รับประกัน 1ปี)";฿3,958.00;130;0;https://lzd-img-global.slatic.net/g/p/6ec826e7f0fdf1600ea85f29e45cc107.jpg_200x200q80.jpg_.webp;โทรศัพท์มือถือ;https://www.lazada.co.th/products/2020-oppo-a31-6128gb-triple-camera-65-1-i3010725511-s11062867205.html?search=1&freeshipping=1;Lazada
oqqo Rino6 Pro 5G สมาร์ทโฟนหน่วยความจำ 8G+256G จอ 7.5นิ้ว HD เต็มหน้าจอ ปลดล็อคลายนิ้วมือ แบตเตอรี่ แบตเตอรี่ 4800 mAh สมาร์ทโฟนราคาถูก;฿699.00;32;0;https://lzd-img-global.slatic.net/g/p/9d20094cf7f7e1ec4244bd745069afe2.jpg_200x200q80.jpg_.webp;โทรศัพท์มือถือ;https://www.lazada.co.th/products/oqqo-rino6-pro-5g-8g256g-75-hd-4800-mah-i3409903836-s12612458154.html?search=1;Lazada
(พร้อมส่ง) OPPO A83 เครื่องใหม่ หน้าจอ5.7นิ้ว ถ่ายรูปสวย 3+32GB 4+32GB รองรับเกมส์ และแอพธนาคาร รับประกัน12เดือนเต็ม;฿1,719.00;143;0;https://lzd-img-global.slatic.net/g/p/a1447148009eabf838d8a5aea9abb84e.jpg_200x200q80.jpg_.webp;โทรศัพท์มือถือ;https://www.lazada.co.th/products/oppo-a83-57-332gb-432gb-12-i3065390738-s11228938159.html?search=1&freeshipping=1;Lazada
[Free Gift Gaming Remote+Phone case ]Nubia Redmagic 6R  5Gสมาร์ทโฟน โทรศัพท์เกมมิ่ง (8+128GB)-Black Global Version 6.67'' Full HD  รับประกันศูนย์ไทย 1 ปี;฿15,990.00;1;0;https://lzd-img-global.slatic.net/g/p/189f365ba4a7b7a7cf78ef3e29d63bde.jpg_200x200q80.jpg_.webp;โทรศัพท์มือถือ;https://www.lazada.co.th/products/free-gift-gaming-remotephone-case-nubia-redmagic-6r-5g-8128gb-black-global-version-667-full-hd-1-i3128005161-s11638438004.html?search=1&freeshipping=1;Lazada
🥇LazMallโทรศัพท์มือถือ Sumsung Galaxy โทรศัพท์มือถือ 5g Note30 plus /Note10 Pro สมาร์ทโฟน 7.5นิ้ว RAM12GB ROM512GB โทรศัพท์ถูกๆ 6800MAh หน่วยความจำแฟลชแบบเต็มหน้าจอรองรับลายนิ้วมือสมาร์ทโฟน สเปคแท้/ราคาถูก เครื่องแท้ รับประกัน 12 เดือน;฿950.00;89;0;https://lzd-img-global.slatic.net/g/p/125f10890c1742a1c26d2fb57aae9465.jpg_200x200q80.jpg_.webp;โทรศัพท์มือถือ;https://www.lazada.co.th/products/lazmall-sumsung-galaxy-5g-note30-plus-note10-pro-75-ram12gb-rom512gb-6800mah-12-i3304737718-s12245474230.html?search=1;Lazada
"[ผ่อน 0%] Infinix Note 11S (8GB+128GB) โทรศัพท์ จอใหญ่ 6.95 Full HD 120Hz"" แบตฯอึด 5000 mAh มาพร้อม Helio G96 กล้องหน้า 16MP กล้องหลังคมชัดสูงสุด 50MP พร้อมชาร์จเร็ว 33W";฿5,999.00;2568;0;https://lzd-img-global.slatic.net/g/p/05830996de49f1aee447cba821659897.jpg_200x200q80.jpg_.webp;โทรศัพท์มือถือ;https://www.lazada.co.th/products/0-infinix-note-11s-8gb128gb-695-full-hd-120hz-5000-mah-helio-g96-16mp-50mp-33w-i2875232208-s10494847899.html?search=1&freeshipping=1;Lazada
OPPO F5 เครื่องแท้ รับประกันร้าน ราคาล้างสต๊อก จอ 6 นิ้ว  Ram 4 Rom 64 GB;฿2,184.00;478;0;https://lzd-img-global.slatic.net/g/p/0a16fcbbc14b583091c84f4474b3e194.jpg_200x200q80.jpg_.webp;โทรศัพท์มือถือ;https://www.lazada.co.th/products/oppo-f5-6-ram-4-rom-64-gb-i1999970625-s10998882273.html?search=1;Lazada
โทรศัพท์มือถือ oppo A57 เครื่องใหม่ (ของเเท้100%) RAM 3GB ROM 32GB ประกันร้าน 12 เดือน แถมฟรีอุปกรณ์ครบชุด;฿1,499.00;217;0;https://lzd-img-global.slatic.net/g/p/2deb403614f427071f6b03ef1dd3fe78.jpg_200x200q80.jpg_.webp;โทรศัพท์มือถือ;https://www.lazada.co.th/products/oppo-a57-100-ram-3gb-rom-32gb-12-i2904653444-s10626051399.html?search=1;Lazada
"[ส่งฟรี] V21(5G) (16GB+512GB) โทรศัพท์หน้าจอ 7.5"" HD+ แบตฯอึด 5,000 mAh กล้องหลัง 3 ตัว คมชัดสูงสุด 24 MP สามารถใช้ line รองรับทุกซิมการ์ดในไทย ใช้แอปพลิเคชัน ประกันศูนย์ 1 ป";฿950.00;55;0;https://lzd-img-global.slatic.net/g/p/3cf530edbcac8447bd5df2b81fdc10bf.jpg_200x200q80.jpg_.webp;โทรศัพท์มือถือ;https://www.lazada.co.th/products/v215g-16gb512gb-75-hd-5000-mah-3-24-mp-line-1-i3473929880-s12883699307.html?search=1;Lazada
🔥ใหม่แท้100%🔥ประกัน12เดือน 🔥โทรศัพท์ Vivo Y83 Ram 4GB Rom 64GB Android 8.1 โทรศัพท์มือถือ ราคาถูกๆ แถมฟรี !! อแดปเตอร์ สายชาร์จ หูฟัง;฿2,156.00;255;0;https://lzd-img-global.slatic.net/g/p/00076bf4d3403cb673d85732420ebec3.jpg_200x200q80.jpg_.webp;โทรศัพท์มือถือ;https://www.lazada.co.th/products/10012-vivo-y83-ram-4gb-rom-64gb-android-81-i2466017769-s8645376952.html?search=1;Lazada
โทรศัพท์มือถือ N 1110i ปุ่มกดมือถือ ตัวเลขใหญ่ สัญญาณดีมาก ลำโพงเสียงดัง ใส่ได้AIS DTAC TRUE ซิม4G;฿258.00;380;0;https://lzd-img-global.slatic.net/g/p/01339a90f7ffbb0bfdd3ca0d8c6b7a3f.jpg_200x200q80.jpg_.webp;โทรศัพท์มือถือ;https://www.lazada.co.th/products/n-1110i-ais-dtac-true-4g-i1696940767-s7901028523.html?search=1;Lazada
💥ของแท้TRUE smart 3.5 Touch 3GB (Black)มือ2สภาพใช้งานได้ปรกติ(ระบทรู)💥;฿199.00;4;0;https://lzd-img-global.slatic.net/g/ff/kf/Sf164be3b1e9645489476ae21939cdaf9O.jpg_200x200q80.jpg_.webp;โทรศัพท์มือถือ;https://www.lazada.co.th/products/true-smart-35-touch3gb-black2-i3273124715-s12163527765.html?search=1;Lazada
TRUE SUPER4G ปลดล็อคซิม2ใช้ Ais true Dtac แชร์ไวไฟ;฿649.00;0;0;https://lzd-img-global.slatic.net/g/p/90ce956932bdafb21a6c49002c00171c.jpg_200x200q80.jpg_.webp;โทรศัพท์มือถือ;https://www.lazada.co.th/products/true-super4g-2-ais-true-dtac-i2883371214-s10521761285.html?search=1;Lazada
"【จัดส่งฟรี】VIVO Y97 (4+128GB) + กล้องคู่ AI Dual Camera + จอกว้าง 6.3"" (รับประกัน 1ปี)";฿2,998.00;100;0;https://lzd-img-global.slatic.net/g/p/7899be962fa468f9e75adcecbd80fc8b.jpg_200x200q80.jpg_.webp;โทรศัพท์มือถือ;https://www.lazada.co.th/products/vivo-y97-4128gb-ai-dual-camera-63-1-i3051743451-s11178855740.html?search=1&freeshipping=1;Lazada
แท้ 100% Anycast กล่องชมพู  รุ่นใหม่ล่าสุด 2021 นำภาพมือถือขึ้นจอผ่าน Wifi Android;฿229.00;17;0;https://lzd-img-global.slatic.net/g/p/28d24d20f7aa8ab9d5321d6f504863d4.jpg_200x200q80.jpg_.webp;โทรศัพท์มือถือ;https://www.lazada.co.th/products/100-anycast-2021-wifi-android-i1853190252-s9848159957.html?search=1;Lazada
🔥มือถือ3310 รุ่นคลาสสิคจอ2.4   *สินค้าใหม่*สีสันสดใส✨7สีพร้อมส่ง;฿339.00;122;0;https://lzd-img-global.slatic.net/g/p/94428da260ede337bbf2ad2e2f9dfdf0.jpg_200x200q80.jpg_.webp;โทรศัพท์มือถือ;https://www.lazada.co.th/products/3310-24-7-i3070467893-s11262732699.html?search=1;Lazada
【ส่งฟรี】สินค้า โทรศัพท์  6s Plus ( Model TH ) 16GB/32GB/64GB/128G ใหม่แกะกล่อง 6sp รับประกันจากทางร้าน 6sp ขนาดหน้าจอใหญ่ !!!;฿4,348.00;48;0;https://lzd-img-global.slatic.net/g/p/3fd62e7024dbb6dcb8c9f6d83578bac0.jpg_200x200q80.jpg_.webp;โทรศัพท์มือถือ;https://www.lazada.co.th/products/6s-plus-model-th-16gb32gb64gb128g-6sp-6sp-i809838461-s1648676218.html?search=1&freeshipping=1;Lazada
(พร้อมส่ง) ล้างสต็อก จำนวนจำกัด Vivo Y67ของแท้!!มือ1 หน้าจอใหญ่ กล้องสวย Ram4 Raom32 ใช้แอพธนาคารได้ รองรับเกมส์ PUBG โทรศัพท์มือถือ;฿1,649.00;88;0;https://lzd-img-global.slatic.net/g/p/8bb2a566d4dd4d63c23001f41139b5d1.png_200x200q80.jpg_.webp;โทรศัพท์มือถือ;https://www.lazada.co.th/products/vivo-y671-ram4-raom32-pubg-i3150719371-s11764268826.html?search=1;Lazada
"โทรศัพท์มือถือ OPP0 Reno6 5G [ONLINE EXCLUSIVE] (16GB+512GB) โทรศัพท์หน้าจอ 6.43"" HD+ แบตฯอึด 5,000 mAh กล้องหลัง 3 ตัว คมชัดสูงสุด 13 MP ประกันศูนย์ 1 ป";฿950.00;406;0;https://lzd-img-global.slatic.net/g/p/a5edac4ea25908f7d1a7d6fddb787fb6.jpg_200x200q80.jpg_.webp;โทรศัพท์มือถือ;https://www.lazada.co.th/products/opp0-reno6-5g-online-exclusive-16gb512gb-643-hd-5000-mah-3-13-mp-1-i3400158716-s12572468508.html?search=1;Lazada
Samsung Galaxy A52s 5G สินค้าใหม่ ประกันศูนย์ 1 ปี;฿13,000.00;7;0;https://lzd-img-global.slatic.net/g/p/6747904d5b92af44231ad4cb8bd9ae2f.jpg_200x200q80.jpg_.webp;โทรศัพท์มือถือ;https://www.lazada.co.th/products/samsung-galaxy-a52s-5g-1-i3363224459-s12471188047.html?search=1&freeshipping=1;Lazada
Nubia Redmagic Red Magic 6R (8+128GB) Global version หน้าจอ6.67นิ้ว Snapdragon 888 รองรับ5Gในไทย 64MP Quad Camera รับประกันศูนย์ไทย1ปี;฿14,990.00;22;0;https://lzd-img-global.slatic.net/g/ff/kf/Sd5f2c9d012d645a8b93f5ffa7e7b9439v.jpg_200x200q80.jpg_.webp;โทรศัพท์มือถือ;https://www.lazada.co.th/products/nubia-redmagic-red-magic-6r-8128gb-global-version-667-snapdragon-888-5g-64mp-quad-camera-1-i2672042101-s9620285181.html?search=1&freeshipping=1;Lazada
【ส่งฟรี】Vivo Y85 Ram 4GB Rom 64GB 6.22นิ้ว Android 8.1 3,260mAh AI Face Beauty แท้💯%;฿2,279.00;159;0;https://lzd-img-global.slatic.net/g/p/af11c00c30755464b2c6a094098e7559.jpg_200x200q80.jpg_.webp;โทรศัพท์มือถือ;https://www.lazada.co.th/products/vivo-y85-ram-4gb-rom-64gb-622-android-81-3260mah-ai-face-beauty-i3392708036-s12537887243.html?search=1&freeshipping=1;Lazada
ซัมซุงsamsung GT-C3600 ทุกเครือข่าย3G(เครื่องไทย)ัมซุงsamsung S3600C ทุกเครือข่าย3G(เครื่องไทย);฿498.00;62;0;https://lzd-img-global.slatic.net/g/p/ea29b5508a260e02056b5f8b919aea8f.jpg_200x200q80.jpg_.webp;โทรศัพท์มือถือ;https://www.lazada.co.th/products/samsung-gt-c3600-3gsamsung-s3600c-3g-i1696968410-s4795180592.html?search=1;Lazada
(ส่งฟรี)OPPO R9S RAM4GB ROM64GB พร้องส่ง รองรับ ภาษาไทย รับประการ12เดือน;฿2,386.00;188;0;https://lzd-img-global.slatic.net/g/p/dcd201cc55eee2394d6eb39860b8faa5.jpg_200x200q80.jpg_.webp;โทรศัพท์มือถือ;https://www.lazada.co.th/products/oppo-r9s-ram4gb-rom64gb-12-i3065431650-s11228942881.html?search=1&freeshipping=1;Lazada
สำหรับ LG G8X ThinQ ปลดล็อกโทรศัพท์มือถือ NFC 6.4 นิ้ว 128GB 6GB RAM Snapdragon 855 Octa Core โทรศัพท์มือถือ;฿5,488.00;0;0;https://lzd-img-global.slatic.net/g/p/eddb0d6a3d1ffd42d3370d7dc8e175e4.jpg_200x200q80.jpg_.webp;โทรศัพท์มือถือ;https://www.lazada.co.th/products/lg-g8x-thinq-nfc-64-128gb-6gb-ram-snapdragon-855-octa-core-i3330866299-s12361558184.html?search=1&freeshipping=1;Lazada
ซัมซุง j200 ฟรี สายชาร์จ;฿649.00;22;0;https://lzd-img-global.slatic.net/g/ff/kf/S74f06ef9664c49b285c1c4a84a004745f.jpg_200x200q80.jpg_.webp;โทรศัพท์มือถือ;https://www.lazada.co.th/products/j200-i2738623865-s9935109090.html?search=1&freeshipping=1;Lazada
Samsung Galaxy Tab A7 LTE (3/64 GB);฿7,090.00;94;0;https://lzd-img-global.slatic.net/g/p/20a5feda919a7e4c1ddbca2a0f350125.jpg_200x200q80.jpg_.webp;แท็บเล็ต;https://www.lazada.co.th/products/samsung-galaxy-tab-a7-lte-364-gb-i2682839769-s9666307590.html?search=1&freeshipping=1;Lazada
Samsung Galaxy Tab S7 FE (4/64GB);฿14,690.00;21;0;https://lzd-img-global.slatic.net/g/p/94c1e4e2b6caa21046377f3f01ede4e3.jpg_200x200q80.jpg_.webp;แท็บเล็ต;https://www.lazada.co.th/products/samsung-galaxy-tab-s7-fe-464gb-i2697051513-s9728859773.html?search=1&freeshipping=1;Lazada
Xiaomi Pad 5 6GB+128GB/6+256GB รับประกัน 15 เดือน;฿10,990.00;15;0;https://lzd-img-global.slatic.net/g/p/443422c2743ea54bc806969250e39477.jpg_200x200q80.jpg_.webp;แท็บเล็ต;https://www.lazada.co.th/products/xiaomi-pad-5-6gb128gb6256gb-15-i2788477365-s12399118566.html?search=1;Lazada
แท็บเล็ตถูกๆ🔥 ศูนย์ไทย Realmi 2022 ยี่ห้อแท็บเล็ตใหม่ 10.1 นิ้วแท็บเล็ตการเรียนรู้ android 9.0 แท็บเล็ต/8GB + 256GB แท็บเล็รองรับการโทรและการเชื่อมต่;฿1,799.00;141;0;https://lzd-img-global.slatic.net/g/p/6b26c7dc11f47b681e4568c6677808ad.jpg_200x200q80.jpg_.webp;แท็บเล็ต;https://www.lazada.co.th/products/realmi-2022-101-android-90-8gb-256gb-i2342377072-s7914064190.html?search=1&freeshipping=1;Lazada
True SMART TAB 4G e-Biz แท็บเล็ตทรูสมาร์ท 4g (ใช้งานได้ทุกเครือข่าย)เครื่องแท้ศูนย์ อุปกรณ์ครบ  คุ้มค่าเกินราคา;฿1,590.00;51;0;https://lzd-img-global.slatic.net/g/ff/kf/S5a6997db377a4a008e6a1d15cebacc0fX.jpg_200x200q80.jpg_.webp;แท็บเล็ต;https://www.lazada.co.th/products/true-smart-tab-4g-e-biz-4g-i3341819360-s12396095719.html?search=1;Lazada
ไอแพดมินิ1 ครบกล่องแถมเคส+คีบอร์ต+ปากกา+ของแถมเล็กๆ;฿2,990.00;40;0;https://lzd-img-global.slatic.net/g/ff/kf/S525ac606b45546a7837ef9a0b7f615f8U.jpg_200x200q80.jpg_.webp;แท็บเล็ต;https://www.lazada.co.th/products/1-i2904356799-s12733117976.html?search=1;Lazada
Lenovo Smart Tab M8 (32 GB) ZA5C0045US Google Assistant built-in แท็บเล็ต พร้อมแท่นชาร์จ ของใหม่ ของแท้ ราคาถูกที่สุด ส่งฟรี ส่งเร็วมาก;฿3,950.00;2;0;https://lzd-img-global.slatic.net/g/p/707f94121825e0575d7e44a1fd3785f8.jpg_200x200q80.jpg_.webp;แท็บเล็ต;https://www.lazada.co.th/products/lenovo-smart-tab-m8-32-gb-za5c0045us-google-assistant-built-in-i3122585874-s11610481981.html?search=1&freeshipping=1;Lazada
"[Online Exclusive] realme Pad (3+32) wifi, 10.4"" WUXGA+ display, 6.9mm ultra slim design, 7100mah mega battery, Dolby atoms";฿6,990.00;74;0;https://lzd-img-global.slatic.net/g/p/a44dcc7175cf93467b486c095909619d.jpg_200x200q80.jpg_.webp;แท็บเล็ต;https://www.lazada.co.th/products/online-exclusive-realme-pad-332-wifi-104-wuxga-display-69mm-ultra-slim-design-7100mah-mega-battery-dolby-atoms-i3039639283-s11144383125.html?search=1&freeshipping=1;Lazada
หัวปากกา ปลายปากกา s pen galaxy Tab s6/s6 lite ชุดละ5ชิ้นพร้อมตัวคีบเปลี่ยนหัวปากกา Stylus S Pen Tips Nibs for Samsung- Galaxy- Tab S6 T860 T865/S6 Lite;฿99.00;50;0;https://lzd-img-global.slatic.net/g/ff/kf/S738e61e8c92346ac934c88c48ab3821eD.jpg_200x200q80.jpg_.webp;แท็บเล็ต;https://www.lazada.co.th/products/s-pen-galaxy-tab-s6s6-lite-5-stylus-s-pen-tips-nibs-for-samsung-galaxy-tab-s6-t860-t865s6-lite-i3061686462-s13389019981.html?search=1;Lazada
Samsung Galaxy Tab S6 Lite Wifi / LTE เครื่องศูนย์ไทย ประกันศูนย์ทั่วประเทศ Sixteenphone;฿9,450.00;215;0;https://lzd-img-global.slatic.net/g/p/2aaf0774ebb3b32621745da724c5fc89.jpg_200x200q80.jpg_.webp;แท็บเล็ต;https://www.lazada.co.th/products/samsung-galaxy-tab-s6-lite-wifi-lte-sixteenphone-i2243721449-s8797271310.html?search=1;Lazada
【2022 TOP3】รองรับภาษาไทย🔥BANOSS N20 tablet 8นิ้ว แท็บเล็ต 6GB RAM 512GB ROM Android 10 แท็บเล็ตของแท้ รองรับ4G ใส่ได้สองซิม 8800mAh battery❗ ประกันเครื่อง 12 ด. ประกันซอฟแวร;฿3,999.00;8;0;https://lzd-img-global.slatic.net/g/p/9ccf98de5950e0747315ed0716e32370.jpg_200x200q80.jpg_.webp;แท็บเล็ต;https://www.lazada.co.th/products/2022-top3banoss-n20-tablet-8-6gb-ram-512gb-rom-android-10-4g-8800mah-battery-12-i2990339645-s10974370979.html?search=1&freeshipping=1;Lazada
[พร้อมส่ง]Samsung Galaxy Tab S6 Lite Wifi / LTE เครื่องศูนย์ไทย ประกันศูนย์ทั่วประเทศ  Sixteenphone;฿9,180.00;13;0;https://lzd-img-global.slatic.net/g/p/b7740caaf9e534c9c9d951554f3b6f95.jpg_200x200q80.jpg_.webp;แท็บเล็ต;https://www.lazada.co.th/products/samsung-galaxy-tab-s6-lite-wifi-lte-sixteenphone-i2899309827-s10598710027.html?search=1;Lazada
[Pre-order]  10.9-inch iPad Air Wi-Fi (2022) เริ่มจัดส่งสินค้า วันที่ 1 เมษายน 65 เป็นต้นไป;฿20,900.00;0;0;https://lzd-img-global.slatic.net/g/p/202b336d4c648d23987474cf3eae0a0a.jpg_200x200q80.jpg_.webp;แท็บเล็ต;https://www.lazada.co.th/products/pre-order-109-inch-ipad-air-wi-fi-2022-1-65-i3530808507-s13172172179.html?search=1&freeshipping=1;Lazada
Blackview Tab 11 | หน้าจอ 10.36 นิ้ว 1200*2000 FHD+ IPS | 8+128 GB | 4G | Android 11 | แบตเตอรี่ 6580mAh;฿6,690.00;4;0;https://lzd-img-global.slatic.net/g/p/e3f7f739c4bcc555c80202b50eaef903.jpg_200x200q80.jpg_.webp;แท็บเล็ต;https://www.lazada.co.th/products/blackview-tab-11-1036-12002000-fhd-ips-8128-gb-4g-android-11-6580mah-i3354833683-s13350305949.html?search=1&freeshipping=1;Lazada
Samsung Galaxy Tab S7 FE (4/64GB) เครื่องศูนย์ไทย ประกันศูนย์ 1 ปี Silver;฿15,900.00;39;0;https://lzd-img-global.slatic.net/g/p/7c9e351d75e80fcdb37e0abca6e4c605.jpg_200x200q80.jpg_.webp;แท็บเล็ต;https://www.lazada.co.th/products/samsung-galaxy-tab-s7-fe-464gb-1-silver-i2874654212-s10493829676.html?search=1&freeshipping=1;Lazada
✒VIVO Y55 phone 2G RAM +16G ROM / 5.2 inch / 5MP + 8MP / 2730 mAh โทรศัพท์มือถือขายสมาร์ทโฟน vivo ดั้งเดิม ใช้แอพธนาคาร;฿1,480.00;3;0;https://lzd-img-global.slatic.net/g/p/f30bf3e5376c553c49892034df6ea130.jpg_200x200q80.jpg_.webp;แท็บเล็ต;https://www.lazada.co.th/products/vivo-y55-phone-2g-ram-16g-rom-52-inch-5mp-8mp-2730-mah-vivo-i2588959575-s9214208289.html?search=1;Lazada
รองรับภาษาไทย🔥Teclast P25 แท็บเล็ตของแท้ tablet android 11 OS 10.1 นิ้ว IPS แท็บเล็ต 2GB RAM 32GB ROM 5000mAh แบตเตอรี่ WiFi Only Allwinner A133 CPU Android Tablet for Kids รับประกั;฿3,072.08;56;0;https://lzd-img-global.slatic.net/g/ff/kf/S47e56b9b60be438f899243e4362eaafes.jpg_200x200q80.jpg_.webp;แท็บเล็ต;https://www.lazada.co.th/products/teclastp25-tablet-android11-os-101-ips-2gbram32gbrom-5000mah-wifi-only-allwinner-a133-cpu-android-tablet-for-kids-i2848991800-s10395450081.html?search=1&freeshipping=1;Lazada
"พร้อมส่ง 🔥จำนวนจำกัด🔥 Xiaomi Redmi 5A ของแท้เครื่องใหม่ ไม่ล็อคซิม จอ 5"" Ram2 Rom16 รองรับ Mi Remote *ประกัน 3 เดือน*";฿1,690.00;7;0;https://lzd-img-global.slatic.net/g/p/70a17f8aa76b6d03937a3311e084e366.jpg_200x200q80.jpg_.webp;แท็บเล็ต;https://www.lazada.co.th/products/xiaomi-redmi-5a-5-ram2-rom16-mi-remote-3-i2657703071-s9560389354.html?search=1;Lazada
10.9-inch iPad Air Wi-Fi (THA);฿17,700.00;3595;0;https://lzd-img-global.slatic.net/g/p/8e63a1033d070cd49396e59f6cff815f.jpg_200x200q80.jpg_.webp;แท็บเล็ต;https://www.lazada.co.th/products/109-inch-ipad-air-wi-fi-tha-i1592264513-s4327372288.html?search=1&freeshipping=1;Lazada
10.2-inch iPad Wi-Fi  (9th Gen 2021);฿16,900.00;853;0;https://lzd-img-global.slatic.net/g/p/fcc05ba4c24ac0c0474769d7623161e8.jpg_200x200q80.jpg_.webp;แท็บเล็ต;https://www.lazada.co.th/products/102-inch-ipad-wi-fi-9th-gen-2021-i2783115014-s10126207035.html?search=1&freeshipping=1;Lazada
[ผ่อน 0% 10 ด.]LENOVO TAB M8 TB-8505X ZA5H0114TH/ประกัน1y/BY TOP COMPUTER;฿4,450.00;25;0;https://lzd-img-global.slatic.net/g/p/1fac65b4680f5f0cf0229016ae853c38.jpg_200x200q80.jpg_.webp;แท็บเล็ต;https://www.lazada.co.th/products/0-10-lenovo-tab-m8-tb-8505x-za5h0114th1yby-top-computer-i2267242777-s7613174366.html?search=1&freeshipping=1;Lazada
แท็บเล็ต mini 1 ไอแพดมิน1 แท้100% 16G WIFI ใหม่95-100% แท็บเลต  gen มือ2 ไอแพดmini มือสอง  mini แท้ 1;฿1,999.00;26;0;https://lzd-img-global.slatic.net/g/p/2d61b27f2c76fa25ced36431a7d8977d.jpg_200x200q80.jpg_.webp;แท็บเล็ต;https://www.lazada.co.th/products/mini-1-1-100-16g-wifi-95-100-gen-2-mini-mini-1-i3072298315-s11272258569.html?search=1;Lazada
"พร้อมส่ง จำนวนจำกัด Xiaomi Redmi 5A ของแท้เครื่องใหม่ ไม่ล็อคซิม จอ 5"" Ram2 Rom16 รองรับ Mi Remote *ประกันร้าน 3 เดือน*";฿1,790.00;4;0;https://lzd-img-global.slatic.net/g/ff/kf/S91399771c81e4d509ebf2cb434a5b0d8V.jpg_200x200q80.jpg_.webp;แท็บเล็ต;https://www.lazada.co.th/products/xiaomi-redmi-5a-5-ram2-rom16-mi-remote-3-i2518341546-s8939447914.html?search=1;Lazada
ไอแพดมินิ2 ครบเซต ios 12 เรียนออนไลน์ อาร์โอวีฟีฟายลื่นๆไม่สะดุด;฿4,600.00;14;0;https://lzd-img-global.slatic.net/g/ff/kf/S3cd7012388514c2894fc4eee2ba42625M.jpg_200x200q80.jpg_.webp;แท็บเล็ต;https://www.lazada.co.th/products/2-ios-12-i3099430025-s11443275618.html?search=1&freeshipping=1;Lazada
📱ipad2 16g ไอแพดสำหรับลูกๆและเด็กที่กำลังมองหาราคาไม่แพง ร้านลงโปรแกรมให้ฟรีพร้อมสมัครไอคราว💞📱;฿3,100.00;18;0;https://lzd-img-global.slatic.net/g/ff/kf/S8b55383f4a7e4654a1d07ce98b02304fY.jpg_200x200q80.jpg_.webp;แท็บเล็ต;https://www.lazada.co.th/products/ipad2-16g-i2725355092-s9871763912.html?search=1;Lazada
【ซื้อ1แถม4 】2022 new Pad สนับสนุน Play Store Google meet Android10.0/10+512G/10.1 นิ้ว Pad tablet ต่อWIFI โหลดเกม รองรับภาษาไทยและอีกหลากหลายภาษา รองรับ 2 ซิม (ซองแดงเงินสดรอรับอยู่);฿1,599.00;29;0;https://lzd-img-global.slatic.net/g/p/427e8e675e412ad69bda200032df81fd.jpg_200x200q80.jpg_.webp;แท็บเล็ต;https://www.lazada.co.th/products/14-2022-new-pad-play-store-google-meet-android10010512g101-pad-tablet-wifi-2-i2853957402-s10408874865.html?search=1&freeshipping=1;Lazada
Vivo Y71 สมาร์ทโฟนรุ่นใหม่ หน้าจอ5.99 เมนูไทย RAM 3GB ,ROM 32GB ราคาถูก ง่ายต่อการใช้ เเถมฟรีเคสใส+ฟิล์มกระจก;฿1,820.00;1;0;https://lzd-img-global.slatic.net/g/p/4a8b7ffbc2aed6314400d9dfe77349d4.jpg_200x200q80.jpg_.webp;แท็บเล็ต;https://www.lazada.co.th/products/vivo-y71-599-ram-3gb-rom-32gb-i2589214707-s9556825711.html?search=1;Lazada
แท็บเล็ตถูกๆ (8+512G)ใหม่ 10.1 นิ้วแท็บเล็ตพีซี การเปิดตัวผลิตภัณฑ์ใหมแท็บเล็ต Android 10.0ยอดนิยมรุ่นล่าสุด สองซิม ในตัว GPS รองรับการโทรผ่าน 4G;฿1,559.00;276;0;https://lzd-img-global.slatic.net/g/p/e4ed221da85c069ba7ab8ef399d4d20e.jpg_200x200q80.jpg_.webp;แท็บเล็ต;https://www.lazada.co.th/products/8512g-101-android-100-gps-4g-i2988918044-s11270432593.html?search=1;Lazada
Xiaomi Pad 5 (6/256GB)  แท็บเล็ต;฿12,258.00;354;0;https://lzd-img-global.slatic.net/g/p/dafa8acd189f41dab38e8211313d2de5.jpg_200x200q80.jpg_.webp;แท็บเล็ต;https://www.lazada.co.th/products/xiaomi-pad-5-6256gb-i2771209101-s10074988026.html?search=1&freeshipping=1;Lazada
รองรับภาษาไทย🔥แท็บเล็ตของแท้ Teclast P80X 8นิ้ว tablet android 2/32GB ใส่ซิมได้ รองรับ4G แท็บเล็ต 4200mAh Battary แท็บเล็ตขายดี ❗ Zoom/Google classroom/Google Meet;฿2,672.01;663;0;https://lzd-img-global.slatic.net/g/p/fb6d45c1d98b620e8bfdca4355f8b193.jpg_200x200q80.jpg_.webp;แท็บเล็ต;https://www.lazada.co.th/products/teclast-p80x-8-tablet-android-232gb-4g-4200mah-battary-zoomgoogle-classroomgoogle-meet-i619188335-s1178952259.html?search=1&freeshipping=1;Lazada
Apple Pencil (2nd Generation) [iStudio by UFicon];฿4,040.00;290;0;https://lzd-img-global.slatic.net/g/p/230d89c35488779c95c6bd99050dec22.jpg_200x200q80.jpg_.webp;แท็บเล็ต;https://www.lazada.co.th/products/apple-pencil-2nd-generation-istudio-by-uficon-i926908838-s1884086214.html?search=1;Lazada
[พร้อมส่ง] OPPO F5 เครื่องใหม่ของเเท้100% (ของแท้),RAM4GB ROM32GB/RAM4GB ROM64GB หน้าจอ6นิ้ว,เเถมฟรีเคสใส+ฟิล์มกระจก;฿4,599.00;10;0;https://lzd-img-global.slatic.net/g/p/ddd466534b4217078e8e97816a410679.jpg_200x200q80.jpg_.webp;แท็บเล็ต;https://www.lazada.co.th/products/oppo-f5-100-ram4gb-rom32gbram4gb-rom64gb-6-i2589270782-s9538416416.html?search=1;Lazada
พร้อมส่ง🔥จำนวนจำกัด🔥 Huawei Honor 8C รองรับแอพเป๋าตัง Ram4 Rom64/128 ไม่ล็อกซิม เครื่องใหม่ไม่แกะกล่อง;฿2,780.00;1;0;https://lzd-img-global.slatic.net/g/p/c7d627e14c9ef9a293e154b2d84cf8cc.jpg_200x200q80.jpg_.webp;แท็บเล็ต;https://www.lazada.co.th/products/huawei-honor-8c-ram4-rom64128-i2804817944-s10220914227.html?search=1;Lazada
8/128GB Fast Charger🔥Teclast T40Pro แท็บเล็ต 10.4'' Tablet กล้องหลัง 13MP SONY กล้องหน้า 8MP แบตเตอรี่ 7000mAh แท็บเล็ตของแท้ รองรับ4G ใส่ได้สองซิม Android 11❗ Google Meeting/Zoom;฿6,323.13;317;0;https://lzd-img-global.slatic.net/g/p/8e3d34a64599bd93854ede935084dc23.jpg_200x200q80.jpg_.webp;แท็บเล็ต;https://www.lazada.co.th/products/8128gb-fast-chargerteclast-t40pro-104-tablet-13mp-sony-8mp-7000mah-4g-android-11-google-meetingzoom-i2684622555-s12157863872.html?search=1&freeshipping=1;Lazada
รองรับภาษาไทย🔥 มาใหม่ 2022 Upgraded Teclast P85 tablet 8นิ้ว แท็บเล็ต Android11 แท็บเล็ตของแท้ 2/32GB เท่านั้นwifi 4000mAh Battery❗ Zoom/Google classroom/Google Meet;฿1,999.00;719;0;https://lzd-img-global.slatic.net/g/p/4be9d9445e4c853a6b39469f35636383.jpg_200x200q80.jpg_.webp;แท็บเล็ต;https://www.lazada.co.th/products/2022-upgraded-teclast-p85-tablet-8-android11-232gb-wifi-4000mah-battery-zoomgoogle-classroomgoogle-meet-i1987030170-s6372756638.html?search=1;Lazada
【ซื้อ1แถม4】แท็บเล็ตแอนดรอยด์ราคาถูกๆ 2022 OPPQ Tablet Andriod 10 แท็บเล็ต 10+512GB แท็บเล็ต LTE/Wifi จอFull HD แทบเล็ตราคาถูก 8นิ้ว ความจุแบตเตอรี่ 8800 mAh แท็บเล;฿1,599.00;105;0;https://lzd-img-global.slatic.net/g/p/2c1009d5b19f61ed267eb930b83a6116.jpg_200x200q80.jpg_.webp;แท็บเล็ต;https://www.lazada.co.th/products/14-2022-oppq-tablet-andriod-10-10512gb-ltewifi-full-hd-8-8800-mah-i2735148823-s9918594188.html?search=1&freeshipping=1;Lazada
6/128GB🔥Teclast M40Pro 10.1นิ้ว เเท๊ปเล็ต tablet Android 11 แท็บเล็ตของแท้  T618 CPU รองรับ4G ใส่ได้สองซิม แท็บเล็ตเรียนออนไลน์  7000mAh Battar❗ Zoom/Google Classroom/Google Meet;฿5,468.78;231;0;https://lzd-img-global.slatic.net/g/p/8d7374b9544c2cfe634f58784382980f.png_200x200q80.jpg_.webp;แท็บเล็ต;https://www.lazada.co.th/products/6128gbteclast-m40pro-101-tablet-android-11-t618-cpu-4g-7000mah-battar-zoomgoogle-classroomgoogle-meet-i1794496987-s9200107851.html?search=1;Lazada
แท็บแล็ต OPPO Tablet แท็บเล็ตพีซี Android  RAM12G ROM512G แท็บเล็ตพีซี LTE / Wifi หน้าจอ Full HD แท็บเล็ตพีซีราคาถูก หน้าจอ 8 นิ้วความจุแบตเตอรี่ 8800 mAh;฿1,799.00;1850;0;https://lzd-img-global.slatic.net/g/p/b5e7eb3eb12da79e952281164d07d10a.jpg_200x200q80.jpg_.webp;แท็บเล็ต;https://www.lazada.co.th/products/oppo-tablet-android-ram12g-rom512g-lte-wifi-full-hd-8-8800-mah-i3326373658-s12337954947.html?search=1&freeshipping=1;Lazada
แท็บเล็ตใหม่ Sansumg Galaxy Tab A7 Lite LTE/Wifi Tablet แท็บเล็ตถูกๆ 11 นิ้ว 12G +512G โทรได้ Full HD Tablet Andorid10.0 แทบเล็ตของแท้ หน่วยประมวลผล 10-core จัดส่งฟรี รองรับภาษาไทย，ปะการ1ปีไนไทย;฿1,699.00;231;0;https://lzd-img-global.slatic.net/g/p/ef192733821760d0edc4509c5333dd01.jpg_200x200q80.jpg_.webp;แท็บเล็ต;https://www.lazada.co.th/products/sansumg-galaxy-tab-a7-lite-ltewifi-tablet-11-12g-512g-full-hd-tablet-andorid100-10-core-1-i3039180552-s11142369124.html?search=1;Lazada
แท็บเล็ต หน้าจอ HD ขนาดใหญ่ สองซิม หน้าจอขนาดใหญ่ 10.1 นิ้ว8+512G รองรับภาษาไทยและอีกหลากหลายภาษา แท็บเล็ตถูกๆ Android 10.0+GPS+WIFI+บลูทูธ,รองรับการโทรผ่าน 4G;฿1,900.00;52;0;https://lzd-img-global.slatic.net/g/p/652d044d39725d412f951d54bf479e8e.jpg_200x200q80.jpg_.webp;แท็บเล็ต;https://www.lazada.co.th/products/hd-101-8512g-android-100gpswifi-4g-i3436042043-s13375752880.html?search=1;Lazada
"Lenovo Yoga Slim 7 Carbon  AMD R7 5800U/16GB/1TB/14"" 2.8K OLED/W11+MS Office 2021/3Y | 14ACN6 (82L00012TA) Notebook";฿40,900.00;10;0;https://lzd-img-global.slatic.net/g/p/2e0febfa74bf48bc66ab7f79925c6d49.jpg_200x200q80.jpg_.webp;แล็ปท็อป;https://www.lazada.co.th/products/lenovo-yoga-slim-7-carbon-amd-r7-5800u16gb1tb14-28k-oledw11ms-office-20213y-14acn6-82l00012ta-notebook-i2907706947-s10640274227.html?search=1&freeshipping=1;Lazada
"Lenovo Ideapad D330 /Intel Celeron N4020/4GB/64GB/10.1""HD/W10 Pro/1Y |10IGL (82H0000LTA) Notebook 2 in 1";฿8,500.00;71;0;https://lzd-img-global.slatic.net/g/p/cb98a5793f0ffa77d3a81d83234e24b2.jpg_200x200q80.jpg_.webp;แล็ปท็อป;https://www.lazada.co.th/products/lenovo-ideapad-d330-intel-celeron-n40204gb64gb101hdw10-pro1y-10igl-82h0000lta-notebook-2-in-1-i2633060779-s9448830229.html?search=1&freeshipping=1;Lazada
【Lennovo factory+ram 16G】โน็ตบุ๊คมือ1แท้ โน๊ตบุ๊คราคถูก 2022 new ideapad laptop notebook ราคาถูกๆ Celeron J4125 core i5 ram 8g ssd 128G Windows 10 15.6 inch โน๊ตบุ๊คทำงาน คอมแรงๆเล่นเกม;฿8,999.00;185;0;https://lzd-img-global.slatic.net/g/p/5b0f9fec7101ebf9a28832745473352b.jpg_200x200q80.jpg_.webp;แล็ปท็อป;https://www.lazada.co.th/products/lennovo-factoryram-16g1-2022-new-ideapad-laptop-notebook-celeron-j4125-core-i5-ram-8g-ssd-128g-windows-10-156-inch-i2232786371-s9030347427.html?search=1&freeshipping=1;Lazada
"Dell Inspiron 3511  i3 1115G4/4GB/256GB/Intel UHD/15.6""FHD/W10+MS Office+McAfee12m/2Y Premium Support | W56625401SPPTHW10-3511-PS/CB/MB-W Notebook";฿16,900.00;15;0;https://lzd-img-global.slatic.net/g/p/2c6956531b02a304cd897150906f7f54.jpg_200x200q80.jpg_.webp;แล็ปท็อป;https://www.lazada.co.th/products/dell-inspiron-3511-i3-1115g44gb256gbintel-uhd156fhdw10ms-officemcafee12m2y-premium-support-w56625401sppthw10-3511-pscbmb-w-notebook-i2827025967-s10311042036.html?search=1&freeshipping=1;Lazada
วินโดวส์แท็บเล็ต FUJITSU QL2-FMVNQL7-NT- RAM 4 GB SSD 64 GB มี Wifi-Bluetooth มีกล้องในตัว ไม่มีทัชสกรีน แถมคีย์บอร์ด+Docking(แท่นชาร์จ)+เมาส์ สวย มีประกัน By Totalsolution;฿2,990.00;381;0;https://lzd-img-global.slatic.net/g/p/0aff350cfc079424815a74ddcefcad06.jpg_200x200q80.jpg_.webp;แล็ปท็อป;https://www.lazada.co.th/products/fujitsu-ql2-fmvnql7-nt-ram-4-gb-ssd-64-gb-wifi-bluetooth-docking-by-totalsolution-i1054480953-s9671828356.html?search=1;Lazada
[เก็บคูปอง ลดเพิ่ม 1,000.-][ผ่อน 0% 10 ด.][รับเพิ่ม!!เก้าอี้สนาม AMD]ASUS  VIVOBOOK D413IA-EB303TS/AMD RYZEN 7 4700U/ประกัน2y+อุบัติเหตุ1y/BY NOTEBOOK STORE;฿22,990.00;18;0;https://lzd-img-global.slatic.net/g/p/293fdb2697c0f979c4ed5d52deef2cb2.jpg_200x200q80.jpg_.webp;แล็ปท็อป;https://www.lazada.co.th/products/1000-0-10-amdasus-vivobook-d413ia-eb303tsamd-ryzen-7-4700u2y1yby-notebook-store-i1102258892-s4513958302.html?search=1&freeshipping=1;Lazada
"Lenovo Ideapad Gaming L340  i5-9300H/8GB/512GB/Geforce GTX 1650/15.6""FHD/W10/3Y Onsite | L340 15IRH (81LK01N0TA) Notebook Gaming";฿22,990.00;4;0;https://lzd-img-global.slatic.net/g/p/6dda0d707a51e1614ae5b2f563ef0cef.jpg_200x200q80.jpg_.webp;แล็ปท็อป;https://www.lazada.co.th/products/lenovo-ideapad-gaming-l340-i5-9300h8gb512gbgeforce-gtx-1650156fhdw103y-onsite-l340-15irh-81lk01n0ta-notebook-gaming-i3154004642-s11783639370.html?search=1&freeshipping=1;Lazada
"Acer Nitro  AMD R7-5800H/16GB/512GB/RTX 3060/15.6""FHD/W10/3Y  AN515-45-R375 (NH.QBCST.006) Notebook Gaming";฿37,700.00;13;0;https://lzd-img-global.slatic.net/g/p/a64a62363516a99a1a5aeb1a9081095f.jpg_200x200q80.jpg_.webp;แล็ปท็อป;https://www.lazada.co.th/products/acer-nitro-amd-r7-5800h16gb512gbrtx-3060156fhdw103y-an515-45-r375-nhqbcst006-notebook-gaming-i3004221574-s11025535495.html?search=1&freeshipping=1;Lazada
Apple iMac : M1 chip with 8‑core CPU and 7‑core GPU 256GB SSD 24-inch Retina 4.5K display;฿37,990.00;24;0;https://lzd-img-global.slatic.net/g/p/3b6aa8f907717119c8d5c304967d2711.jpg_200x200q80.jpg_.webp;แล็ปท็อป;https://www.lazada.co.th/products/apple-imac-m1-chip-with-8core-cpu-and-7core-gpu-256gb-ssd-24-inch-retina-45k-display-i2342682450-s7915962692.html?search=1&freeshipping=1;Lazada
[เก็บคูปอง ลดเพิ่ม 4,500.-][ผ่อน 0% 10 ด.]][รับเพิ่ม!!Lenovo 600 Bluetooth+เก้าอี้สนาม AMD]LENOVO YOGA SLIM 7 CARVON 14ACN6-82L00012TA/AMD Ryzen 7 5800U/ประกัน 3yOnsite+อุบัติเหตุ 3y/BY NOT;฿39,480.00;0;0;https://lzd-img-global.slatic.net/g/p/0471b64612e73ce028209cbc2b9e1831.jpg_200x200q80.jpg_.webp;แล็ปท็อป;https://www.lazada.co.th/products/4500-0-10-lenovo-600-bluetooth-amdlenovo-yoga-slim-7-carvon-14acn6-82l00012taamd-ryzen-7-5800u-3yonsite-3yby-not-i2899652238-s10599804140.html?search=1&freeshipping=1;Lazada
[เก็บคูปอง ลดเพิ่ม 3,000.-] [ผ่อน 0% 10 ด.]][รับเพิ่ม!!Legion H300 Stereo + กระเป๋าผ้าใบ AMD]LENOVO Legion 5 82JU007LTA/AMD RYZEN 5 5600H/ประกัน 3 yOnsite+อุบัติเหตุ 2y/BY NOTEBOOK STORE;฿38,180.00;43;0;https://lzd-img-global.slatic.net/g/p/1380ff6faf594b5f3e24c8c31fb1d0eb.jpg_200x200q80.jpg_.webp;แล็ปท็อป;https://www.lazada.co.th/products/3000-0-10-legion-h300-stereo-amdlenovo-legion-5-82ju007ltaamd-ryzen-5-5600h-3-yonsite-2yby-notebook-store-i2430693640-s8404422897.html?search=1&freeshipping=1;Lazada
"HP Laptop  AMD R5 5500U/16GB/512GB/AMD Radeon/15.6""FHD/W10/2Y Onsite | 15s-eq2068AU (461J7PA#AKL) Notebook";฿19,511.00;16;0;https://lzd-img-global.slatic.net/g/p/a5867b92bfcc71029689a969241736d0.jpg_200x200q80.jpg_.webp;แล็ปท็อป;https://www.lazada.co.th/products/hp-laptop-amd-r5-5500u16gb512gbamd-radeon156fhdw102y-onsite-15s-eq2068au-461j7paakl-notebook-i2896077630-s10581731503.html?search=1&freeshipping=1;Lazada
FUJITSU A572/F Core i5 gen3 โน๊ตบุ๊คมือสอง เล่นเกมออนไลน์ได้ Notebook ขนาด 15.6นิ้ว;฿5,389.00;13;0;https://lzd-img-global.slatic.net/g/p/f2e33f06f8dbfaed5de4b142b827a444.jpg_200x200q80.jpg_.webp;แล็ปท็อป;https://www.lazada.co.th/products/fujitsu-a572f-core-i5-gen3-notebook-156-i1686764189-s4746538483.html?search=1&freeshipping=1;Lazada
แท็บเล็ต Fujitsu Arrow Tab Q506 4CORES - RAM 4 GB SSD eMMC 128 GB แถมฟรีเคสหนัง+ปากกาแท้ มีกล้องหน้า-หลัง มีwifi-bluetooth windows tablet Refurbished laptop used notebook 2022 มีประกัน By Totalsolution;฿4,440.00;255;0;https://lzd-img-global.slatic.net/g/p/e743c55e04aba7b3ed7721a5a01d13b2.jpg_200x200q80.jpg_.webp;แล็ปท็อป;https://www.lazada.co.th/products/fujitsu-arrow-tab-q506-4cores-ram-4-gb-ssd-emmc-128-gb-wifi-bluetooth-windows-tablet-refurbished-laptop-used-notebook-2022-by-totalsolution-i2596445361-s10523089897.html?search=1;Lazada
แท๊บเล็ต พีซี 2inOne CPU4Core เร็ว3เท่า กล้องห8ล้าน Windows 10;฿2,590.00;2;0;https://lzd-img-global.slatic.net/g/p/3017d7447db3788257844039c8ce433a.jpg_200x200q80.jpg_.webp;แล็ปท็อป;https://www.lazada.co.th/products/2inone-cpu4core-3-8-windows-10-i2637254047-s13126416866.html?search=1;Lazada
โน๊ตบุ๊ค Panasonic CF-SZ5 - Core i5 GEN 6 - RAM 4 SSD 128-256 GB หน้าจอ IPS 1920x1200 WUXGA, Wifi + Bluetooth + FHD webcam หนักเพียง 0.86Kg โน๊ตบุ๊คมือสอง laptop used notebook สภาพนางฟ้า By Totalsolution;฿5,990.00;118;0;https://lzd-img-global.slatic.net/g/p/14dc518ca440a5a9e0de18d566fc9560.jpg_200x200q80.jpg_.webp;แล็ปท็อป;https://www.lazada.co.th/products/panasonic-cf-sz5-core-i5-gen-6-ram-4-ssd-128-256-gb-ips-1920x1200-wuxga-wifi-bluetooth-fhd-webcam-086kg-laptop-used-notebook-by-totalsolution-i2804356911-s10493717393.html?search=1;Lazada
[เก็บคูปอง ลดเพิ่ม 3,000.-] [ผ่อน 0% 10 ด.]]​[รับเพิ่ม!! mouse Legion M300 RGB+เก้าอี้สนาม AMD]LENOVO IdeaPad Gaming 3 15ACH6-82K200KFTA/AMD Ryzen  7 5800H/ประกัน 2 yOnsite+อุบัติเหตุ 2y/BY NOTEBOO;฿32,980.00;5;0;https://lzd-img-global.slatic.net/g/p/0e4545956b1a7b9e9ff15f069c8824ff.jpg_200x200q80.jpg_.webp;แล็ปท็อป;https://www.lazada.co.th/products/3000-0-10-mouse-legion-m300-rgb-amdlenovo-ideapad-gaming-3-15ach6-82k200kftaamd-ryzen-7-5800h-2-yonsite-2yby-noteboo-i3298636388-s12226315117.html?search=1&freeshipping=1;Lazada
"⚡️⚡️สินค้าราคารุ่นใหม่⚡️⚡️ASUS Notebook(โน้ตบุ๊คเล่นเกมส์) TUF Gaming F15 (FX506LH-HN002T) i5-10300H/8GB/512GB SSD/GeForce GTX 1650 - 4GB/15.6""FHD IPS-144Hz/Win10Home/Black Plastic";฿26,990.00;70;0;https://lzd-img-global.slatic.net/g/p/b48cad804d002d714e4132c0c85a4f64.jpg_200x200q80.jpg_.webp;แล็ปท็อป;https://www.lazada.co.th/products/asus-notebook-tuf-gaming-f15-fx506lh-hn002t-i5-10300h8gb512gb-ssdgeforce-gtx-1650-4gb156fhd-ips-144hzwin10homeblack-plastic-i2347397626-s7922880230.html?search=1&freeshipping=1;Lazada
[ผ่อน 0% 10 ด.]โน๊ตบุ๊คใหม่เอี่ยม  ASUS AST intel Coreรุ่น i7-4500/I5-5200/I5-6200 15.6นิ้ว/ 8G /SSD128G วินโดว์10 โปรมแกรมภาษาไทย คอมพิวเตอร์พกพาสะดวก การใช้เรียนออนไลน์;฿11,999.00;78;0;https://lzd-img-global.slatic.net/g/p/bc2239b07db7d79438f6432439c99295.jpg_200x200q80.jpg_.webp;แล็ปท็อป;https://www.lazada.co.th/products/0-10-asus-ast-intel-core-i7-4500i5-5200i5-6200-156-8g-ssd128g-10-i1482844719-s12431329855.html?search=1&freeshipping=1;Lazada
โน๊ตบุ๊ค Notebook Toshiba Core i5 Ram 8 GB (GTAV, Fifa4, ROV, PUBG Lite, Freefire, Sim4, Hon, PB ทดสอบแล้วเล่นได้ครับ);฿6,790.00;139;0;https://lzd-img-global.slatic.net/g/p/64940cfde607c86741807f1beb56500b.jpg_200x200q80.jpg_.webp;แล็ปท็อป;https://www.lazada.co.th/products/notebook-toshiba-core-i5-ram-8-gb-gtav-fifa4-rov-pubg-lite-freefire-sim4-hon-pb-i368712981-s720710024.html?search=1;Lazada
โน๊ตบุ๊ค มือสองสภาพดี NOTEBOOK PANASONIC-CFSX1 CPU intel core i5;฿5,290.00;0;0;https://lzd-img-global.slatic.net/g/p/5c0f9fd6a5f565db9ab8cdad54a70a6a.jpg_200x200q80.jpg_.webp;แล็ปท็อป;https://www.lazada.co.th/products/notebook-panasonic-cfsx1-cpu-intel-core-i5-i1490784217-s3927642145.html?search=1&freeshipping=1;Lazada
[เก็บคูปอง ลดสูงสุด 500.-][ผ่อน 0% 10 ด.]HUAWEI-MATEBOOK-D15-BOHRB-WAI9AQ/INTEL CORE i3-10110U/ประกัน 1 Y/ BY TOP COMPUTER;฿15,480.00;29;0;https://lzd-img-global.slatic.net/g/p/add9073d1836f34f44faab22fba5b9bf.jpg_200x200q80.jpg_.webp;แล็ปท็อป;https://www.lazada.co.th/products/500-0-10-huawei-matebook-d15-bohrb-wai9aqintel-core-i3-10110u-1-y-by-top-computer-i2730079045-s9893554020.html?search=1&freeshipping=1;Lazada
เจ้าแรกของโลก BMAX X15 โน๊ตบุ๊ค หน้าจอ15.6 นิ้ว ความละเอียด1920x1080 IPS Win10(64-bit) ซีพียู Intel® Gemini Lake N4120 ความจุ 8GB LPDDR4 256/512GB SSD M.2 2280 SATA USB3.0;฿11,690.00;24;0;https://lzd-img-global.slatic.net/g/p/5c95c69bbea2294d7ab067db594a87e9.jpg_200x200q80.jpg_.webp;แล็ปท็อป;https://www.lazada.co.th/products/bmax-x15-156-1920x1080-ips-win1064-bit-intel-gemini-lake-n4120-8gb-lpddr4-256512gb-ssd-m2-2280-sata-usb30-i1385280884-s3530722072.html?search=1&freeshipping=1;Lazada
แท๊บเล็ต โน๊ตบุ๊ค Windows10  2 in One CPU 4CORE กล้องหน้าหลัง 8 ล้าน wifi Bluetooth;฿2,590.00;30;0;https://lzd-img-global.slatic.net/g/p/3017d7447db3788257844039c8ce433a.jpg_200x200q80.jpg_.webp;แล็ปท็อป;https://www.lazada.co.th/products/windows10-2-in-one-cpu-4core-8-wifi-bluetooth-i2579012055-s13185549790.html?search=1;Lazada
ASUS Notebook (โน๊ตบุ๊ค) ASUS TUF Gaming A15 FA507RC-HN005W / Ryzen™ 7 6800H / RTX™ 3050 / 8GB / 512GB / Windows 11 Home;฿37,990.00;1;0;https://lzd-img-global.slatic.net/g/p/58c5a43fb9ffa7c41468596bfda0d7eb.jpg_200x200q80.jpg_.webp;แล็ปท็อป;https://www.lazada.co.th/products/asus-notebook-asus-tuf-gaming-a15-fa507rc-hn005w-ryzen-7-6800h-rtx3050-8gb-512gb-windows-11-home-i3417512030-s12640136553.html?search=1&freeshipping=1;Lazada
[เก็บคูปอง ลดสูงสุด 1,500.-][ผ่อน 0% 10 ด.]ASUS TUF GAMING F15 FX506LH-HN002T/ i5-10300H/ประกัน2y+อุบัติเหตุ1y/BY TOP COMPUTER;฿26,990.00;54;0;https://lzd-img-global.slatic.net/g/p/377a8e61eca4adb822f48887a0e21905.jpg_200x200q80.jpg_.webp;แล็ปท็อป;https://www.lazada.co.th/products/1500-0-10-asus-tuf-gaming-f15-fx506lh-hn002t-i5-10300h2y1yby-top-computer-i2348267905-s7928031244.html?search=1&freeshipping=1;Lazada
"MSI NOTEBOOK (โน๊ตบุ๊ค) STEALTH 15M A11UEK-237TH / 15.6"" FHD IPS / i7-11375H / RTX3060 / 16GB / SSD 1TB / Windows10 Home (CARBON GRAY)";฿40,990.00;3;0;https://lzd-img-global.slatic.net/g/p/3b6135799b3f6a990d1c9a7b9fd3566c.jpg_200x200q80.jpg_.webp;แล็ปท็อป;https://www.lazada.co.th/products/msi-notebook-stealth-15m-a11uek-237th-156-fhd-ips-i7-11375h-rtx3060-16gb-ssd-1tb-windows10-home-carbon-gray-i3053274810-s11189222912.html?search=1;Lazada
"ASUS TUF Gaming A17 FA707RM-HX005W Notebook (โน๊ตบุ๊ค) / 17.3"" FHD / Ryzen 7-6800H /RTX™3060 / 16GB / SSD 512GB / Windows 11 Home";฿51,990.00;0;0;https://lzd-img-global.slatic.net/g/p/c866dc1e2a65f9be7f9ecb277826080e.jpg_200x200q80.jpg_.webp;แล็ปท็อป;https://www.lazada.co.th/products/asus-tuf-gaming-a17-fa707rm-hx005w-notebook-173-fhd-ryzen-7-6800h-rtx3060-16gb-ssd-512gb-windows-11-home-i3508827708-s13061304066.html?search=1&freeshipping=1;Lazada
"Lenovo Ideapad 3  i5 1135G7/8GB/512GB/14""FHD/W10+MS Office/2Y |14ITL05 (81X7006STA) Notebook";฿19,990.00;55;0;https://lzd-img-global.slatic.net/g/p/e5b48e931e7e1569be89b8a724e01548.jpg_200x200q80.jpg_.webp;แล็ปท็อป;https://www.lazada.co.th/products/lenovo-ideapad-3-i5-1135g78gb512gb14fhdw10ms-office2y-14itl05-81x7006sta-notebook-i2426868141-s8379820725.html?search=1&freeshipping=1;Lazada
คอมพิวเตอร์โน้ตบุ๊กบางเฉียบรุ่นใหม่ คอมพิวเตอร์ i7/J4125 15.6 นิ้ว i7-6560U 3.0GHz DDR4 RAM: 16G SSD: 512G  14'J3455 คอมพิวเตอร์โน้ตบุ๊ก Windows10 รับประกันหนึ่งปี;฿8,999.00;98;0;https://lzd-img-global.slatic.net/g/p/4f50656ce142174a7e2143655aafaa44.jpg_200x200q80.jpg_.webp;แล็ปท็อป;https://www.lazada.co.th/products/i7j4125-156-i7-6560u-30ghz-ddr4-ram-16g-ssd-512g-14j3455-windows10-i2398518869-s12326627445.html?search=1&freeshipping=1;Lazada
"Lenovo Yoga 7  AMD R5 5600U/16GB/512GB/14""FHD/W10+MS Office/3Y | 14ACN6 (82N70009TA) Notebook 2 in 1";฿28,990.00;11;0;https://lzd-img-global.slatic.net/g/p/474f05824808123170252464cdd4081e.jpg_200x200q80.jpg_.webp;แล็ปท็อป;https://www.lazada.co.th/products/lenovo-yoga-7-amd-r5-5600u16gb512gb14fhdw10ms-office3y-14acn6-82n70009ta-notebook-2-in-1-i2695423219-s9721280619.html?search=1&freeshipping=1;Lazada
2022 New laptop CPU Core i7 RAM 8GB SSD 128G/256GB ระบบ W10 เวอร์ชันภาษาไทยคุณสามารถเล่นเกม GTA V และเกมอื่น ๆ ASUS factory original production AST vivobook โนตบุ้คเล่นเกม with warranty;฿18,999.00;51;0;https://lzd-img-global.slatic.net/g/p/1975ab84ea9e5dc510e8e45a7a5f1bf1.jpg_200x200q80.jpg_.webp;แล็ปท็อป;https://www.lazada.co.th/products/2022-new-laptop-cpu-core-i7-ram-8gb-ssd-128g256gb-w10-gta-v-asus-factory-original-production-ast-vivobook-with-warranty-i2012354177-s6481594588.html?search=1&freeshipping=1;Lazada
"Lenovo Ideapad D330 /Intel Celeron N4020/4GB/64GB/10.1""HD/W10 Pro/1Y |10IGL (82H0000LTA) Notebook 2 in 1";฿8,500.00;6;0;https://lzd-img-global.slatic.net/g/p/55346c19d966097bbca405449ad694ed.png_200x200q80.jpg_.webp;แล็ปท็อป;https://www.lazada.co.th/products/lenovo-ideapad-d330-intel-celeron-n40204gb64gb101hdw10-pro1y-10igl-82h0000lta-notebook-2-in-1-i2659233251-s9566043129.html?search=1&freeshipping=1;Lazada
[เก็บคูปอง ลดสูงสุด 500.-][ผ่อน 0% 10 ด.]Huawei Matebook D15 BOHRB-WAI9AQ/i3-10110U/ประกัน 1 y/BY NOTEBOOK STORE;฿15,480.00;25;0;https://lzd-img-global.slatic.net/g/p/332f9e211cb008185948d7d7eaf8fb2e.jpg_200x200q80.jpg_.webp;แล็ปท็อป;https://www.lazada.co.th/products/500-0-10-huawei-matebook-d15-bohrb-wai9aqi3-10110u-1-yby-notebook-store-i2730170339-s9894178455.html?search=1&freeshipping=1;Lazada
"MSI Notebook (โน๊ตบุ๊ค) GP66 LEOPARD 11UH-425TH / 15.6"" / Intel Core i7-11800H+HM570 / RTX 3080 / 16GB / 1TB / Windows 10 Home";฿62,990.00;3;0;https://lzd-img-global.slatic.net/g/p/45783200de5292f189972af4188fd5d5.jpg_200x200q80.jpg_.webp;แล็ปท็อป;https://www.lazada.co.th/products/msi-notebook-gp66-leopard-11uh-425th-156-intel-core-i7-11800hhm570-rtx-3080-16gb-1tb-windows-10-home-i2792062350-s10163906408.html?search=1;Lazada
[ผ่อน 0% 10 ด.]notebook ASUS โรงงานผลิตแบรนด์ AST laptop โน๊ตบุ๊คเกมมิ่งคอมพิวเตอร์ i7 คอมพิวเตอร์โน๊ตบุ๊คบางเฉียบใหม่ i7-6560U 3.0GHz DDR4 RAM8 / 16G SSD128 / 512G windows10 office ระบบภาษ;฿18,999.00;45;0;https://lzd-img-global.slatic.net/g/p/4c03a882b51e1b0c5dbd76d388af3ebd.jpg_200x200q80.jpg_.webp;แล็ปท็อป;https://www.lazada.co.th/products/0-10-notebook-asus-ast-laptop-i7-i7-6560u-30ghz-ddr4-ram8-16g-ssd128-512g-windows10-office-i2854521408-s10411165454.html?search=1&freeshipping=1;Lazada
โน๊ตบุ๊ค/แท็บเล็ต 2 in 1 Dell Latitude 5285 core i5-7200U GEN 7 RAM 8 GB, SSD M.2 NVME 128 GB มี Webcam-Wifi-Bluetooth windows tablet Used laptop Refublished computer 2021 มีประกัน  By Totalsolution;฿14,190.00;51;0;https://lzd-img-global.slatic.net/g/p/8c6365599a8875744232c8149e487ca3.jpg_200x200q80.jpg_.webp;แล็ปท็อป;https://www.lazada.co.th/products/2-in-1-dell-latitude-5285-core-i5-7200u-gen-7-ram-8-gb-ssd-m2-nvme-128-gb-webcam-wifi-bluetooth-windows-tablet-used-laptop-refublished-computer-2021-by-totalsolution-i2839584559-s10363406683.html?search=1;Lazada
โน๊ตบุ๊ค แท็บเล็ต NEC รุ่นVERSAPRO VT-J ความจุ 128GB แรม4GB  WINDOW10 มือสองสภาพดี(สินค้าประมูลจากสำนักงานออฟฟิต);฿2,890.00;20;0;https://lzd-img-global.slatic.net/g/p/d4ea2b0ef8d396fad107f118fd38b76d.jpg_200x200q80.jpg_.webp;แล็ปท็อป;https://www.lazada.co.th/products/nec-versapro-vt-j-128gb-4gb-window10-i2374071645-s12530632266.html?search=1&freeshipping=1;Lazada
โน๊ตบุ๊ค แท็บเล็ต FUJITSU รุ่นARROWS Q506 แรม4GB WINDOW10 มือสองสภาพดี(สินค้าประมูลจากสำนักงานออฟฟิต);฿4,290.00;65;0;https://lzd-img-global.slatic.net/g/p/8ddb499a01f7a96c83634d77be8a75d2.jpg_200x200q80.jpg_.webp;แล็ปท็อป;https://www.lazada.co.th/products/fujitsu-arrows-q506-4gb-window10-i2281580489-s12529767151.html?search=1&freeshipping=1;Lazada
[เก็บคูปอง ลดสูงสุด 2,000.-][ผ่อน 0% 10 ด.][เเถมเพิ่ม Legion M300 RGB ]LENOVO IDEAPAD GAMING 3 15IHU6-82K100KKTA/i5-11300H/ประกัน2yOnsite+อุบัติเหตุ 2y/BY TOP COMPUTER;฿28,980.00;1;0;https://lzd-img-global.slatic.net/g/p/3a7ed4547e26ace45795ef2f0ec93765.jpg_200x200q80.jpg_.webp;แล็ปท็อป;https://www.lazada.co.th/products/2000-0-10-legion-m300-rgb-lenovo-ideapad-gaming-3-15ihu6-82k100kktai5-11300h2yonsite-2yby-top-computer-i3151499878-s11769776534.html?search=1&freeshipping=1;Lazada
คอมพิวเตอร์ ฟรีตัวรับไวไฟ เม้าส์คีย์บอร์ดไฟ เล่นเกมส์ ดูหนัง ทำงาน การศึกษา PUBG MOBILE Free Fire HON PB;฿4,800.00;140;0;https://lzd-img-global.slatic.net/g/p/c61435180629208a38d5d2fb8da6f20d.jpg_200x200q80.jpg_.webp;คอมพิวเตอร์แบบตั้งโต๊ะ;https://www.lazada.co.th/products/pubg-mobile-free-fire-hon-pb-i643746162-s8779165129.html?search=1;Lazada
[COMZING] คอมพิวเตอร์ประกอบ คอมเล่นเกม  PB SF Ragnarok  เกม online ลื่นๆ มากมาย มีการ์ดจอแยก ครบชุดพร้อมจอ19 นิ้ว ของแถมเพียบ พร้อมใช้งาน;฿4,890.00;55;0;https://lzd-img-global.slatic.net/g/p/3026f94363261a0500f201ba61d39e14.jpg_200x200q80.jpg_.webp;คอมพิวเตอร์แบบตั้งโต๊ะ;https://www.lazada.co.th/products/comzing-pb-sf-ragnarok-online-19-i2195632617-s13198305501.html?search=1;Lazada
Intel Core i7 ออล - อิน - วัน PC ขนาด 24 นิ้ว คอมพิวเตอร์ เดสก์ท็อปพีซี แรม 8G 256G SSD เมาส์ไร้สายและคีย์บอร์ดไร้สายฟรี computer all in one ส่งเมาส์ไร้สาย ASUS;฿13,600.00;179;0;https://lzd-img-global.slatic.net/g/p/466c7034f184412936cc4eb07460576e.jpg_200x200q80.jpg_.webp;คอมพิวเตอร์แบบตั้งโต๊ะ;https://www.lazada.co.th/products/intel-core-i7-pc-24-8g-256g-ssd-computer-all-in-one-asus-i2008792821-s10079657754.html?search=1&freeshipping=1;Lazada
🔥คอมชุดราคาถูก🔥 CORE I5 / RAM8GB / VGA512-1GB / SSD120GBหรือHDD500GB / จอ19-20นิ้ว พร้อมเม้าส์คีย์บอร์ดแผ่นรองเม้าส์;฿8,900.00;27;0;https://lzd-img-global.slatic.net/g/p/c76f1a2af1c797b4563b71e24b4b90b7.jpg_200x200q80.jpg_.webp;คอมพิวเตอร์แบบตั้งโต๊ะ;https://www.lazada.co.th/products/core-i5-ram8gb-vga512-1gb-ssd120gbhdd500gb-19-20-i1238848898-s2973578186.html?search=1&freeshipping=1;Lazada
คอมพิวเตอร์ Acer virton. X490G Desktop PC Intel® Core™ i3-550 แคช 4M, 3.20 GHz RAM 4GB HDD 250 GB DVD ติดตั้งโปรแกรมพร้อมใช้งาน คอมมือสอง;฿2,299.00;19;0;https://lzd-img-global.slatic.net/g/p/5e718cdfc817eae013b862ba4c05f256.jpg_200x200q80.jpg_.webp;คอมพิวเตอร์แบบตั้งโต๊ะ;https://www.lazada.co.th/products/acer-virton-x490g-desktop-pc-intel-core-i3-550-4m-320-ghz-ram-4gb-hdd-250-gb-dvd-i949876631-s1987816672.html?search=1&freeshipping=1;Lazada
[All-in-one computer]Lennovo Intel Core i3 ออล - อิน - วัน PC ขนาด 22 นิ้ว คอมพิวเตอร์ เดสก์ท็อปพีซี แรม 8G 128G SSD เมาส์ไร้สายและคีย์บอร์ดไร้สายฟรี;฿12,999.00;37;0;https://lzd-img-global.slatic.net/g/p/53aacc24b76da3ac458a9be3a104178e.jpg_200x200q80.jpg_.webp;คอมพิวเตอร์แบบตั้งโต๊ะ;https://www.lazada.co.th/products/all-in-one-computerlennovo-intel-core-i3-pc-22-8g-128g-ssd-i2728549002-s9885905761.html?search=1&freeshipping=1;Lazada
คอมพิวเตอร์ All in One Intel Core i3 ออล - อิน - วัน PC ขนาด 19 นิ้ว คอมพิวเตอร์ คอมพิวเตอร์ตั้งโต๊ะ เดสก์ท็อปพีซี แรม 4G 128G SSD เมาส์และคีย์บอร์ดฟรี เหมาะสำหรับสำนักงานหรือเกม;฿7,999.00;190;0;https://lzd-img-global.slatic.net/g/p/bc554a77282d7b4bacd4d19c6e01c16d.jpg_200x200q80.jpg_.webp;คอมพิวเตอร์แบบตั้งโต๊ะ;https://www.lazada.co.th/products/all-in-one-intel-core-i3-pc-19-4g-128g-ssd-i1016700873-s2242520558.html?search=1;Lazada
"คอม core i5 Gen 4 (4590) Ram 8 เล่นเกมส์ได้ ราคาเบา(6,590)จอLED19"" Y ฟรีค่าขนส่ง)+WIFI+เม้าส+คีย์บอร์+ลำโพง";฿6,590.00;28;0;https://lzd-img-global.slatic.net/g/ff/kf/S5b42d702cb6e4d6a945903e8e04ce32aH.jpg_200x200q80.jpg_.webp;คอมพิวเตอร์แบบตั้งโต๊ะ;https://www.lazada.co.th/products/core-i5-gen-4-4590-ram-8-6590led19-y-wifi-i2365183093-s7994286481.html?search=1&freeshipping=1;Lazada
คอมพิวเตอร์ Corei5 ram8g การ์ดจอเเยก gtx750 ti 2g /การ์ดจอ 2g GDDR5 แรงๆ HDD500g พร้อมจอ สเปคเล่นเกมออนไลน์ ตัดต่อกราฟิก ออกเเบบกราฟฟิก เรียนออนไลน;฿13,890.00;94;0;https://lzd-img-global.slatic.net/g/p/9699f24eb09445ef4ee28b64153dbc03.jpg_200x200q80.jpg_.webp;คอมพิวเตอร์แบบตั้งโต๊ะ;https://www.lazada.co.th/products/corei5-ram8g-gtx750-ti-2g-2g-gddr5-hdd500g-i401004774-s2901566476.html?search=1;Lazada
"Lenovo All-in-one PC  i3 1115G4/8GB/256GB/23.8""FHD/W11+MS Office 2021/3Y| ideacentre AIO 3 24ITL6 (F0G000META)";฿19,990.00;1;0;https://lzd-img-global.slatic.net/g/p/7da7ae93a7418a4000c6a9bc51508f97.jpg_200x200q80.jpg_.webp;คอมพิวเตอร์แบบตั้งโต๊ะ;https://www.lazada.co.th/products/lenovo-all-in-one-pc-i3-1115g48gb256gb238fhdw11ms-office-20213y-ideacentre-aio-3-24itl6-f0g000meta-i3303934092-s12241221868.html?search=1&freeshipping=1;Lazada
คอมครบชุด core 2 duo พร้อมจอ 17 นิ้ว ซื้อไปใช้งานได้เลย;฿1,800.00;4;0;https://lzd-img-global.slatic.net/g/ff/kf/Sad64d7ded3b941bab51c8b6b2c583500V.jpg_200x200q80.jpg_.webp;คอมพิวเตอร์แบบตั้งโต๊ะ;https://www.lazada.co.th/products/core-2-duo-17-i3383996532-s12510733896.html?search=1;Lazada
[COMZING] 💥ถูกที่สุด💥 คอมพิวเตอร์ครบชุด พร้อมใช้งาน ราคาประหยัด จอ 17นิ้ว ทำงานเอกสาร เล่นเน็ต ดูหนัง-ฟังเพลง (ครบชุด);฿1,970.00;137;0;https://lzd-img-global.slatic.net/g/p/ab64ea7d80bc1027edc5e305457286fe.jpg_200x200q80.jpg_.webp;คอมพิวเตอร์แบบตั้งโต๊ะ;https://www.lazada.co.th/products/comzing-17-i448412401-s10410975909.html?search=1;Lazada
Core i5  Ram 4-8 เล่นเกม GTA SAN PUBG FreeFrie  HON PB SF ทำงาน เรียนออนไล ดูหนังฟังเพลง ลงโปรแกรมให้พร้อมใช้งาน;฿6,590.00;66;0;https://lzd-img-global.slatic.net/g/p/73846080dc6ba06c7b2d914ccbdeb365.jpg_200x200q80.jpg_.webp;คอมพิวเตอร์แบบตั้งโต๊ะ;https://www.lazada.co.th/products/core-i5-ram-4-8-gta-san-pubg-freefrie-hon-pb-sf-i1380010431-s3510384787.html?search=1;Lazada
[COMZING] คอมเล่นเกม Core i3 2C 4T | RAM 8GB | มีการ์ดจอแยก เล่นเกมได้ | SSD 120GB คอมเล่น Freefire PubgM PB SF เกมส์อออนไลน์อื่นๆ พร้อมใช้งาน;฿3,890.00;26;0;https://lzd-img-global.slatic.net/g/p/3c49e75dd88d0633297328897a3d6ade.jpg_200x200q80.jpg_.webp;คอมพิวเตอร์แบบตั้งโต๊ะ;https://www.lazada.co.th/products/comzing-core-i3-2c-4t-ram-8gb-ssd-120gb-freefire-pubgm-pb-sf-i2259185223-s13365349277.html?search=1;Lazada
PC HP Elitedesk 800 G3 mini เฉพาะเครื่อง Core i7-7700t-2.9ghz/8/500;฿8,590.00;2;0;https://lzd-img-global.slatic.net/g/p/cf65883a12c798e3d87850d0dfce325d.jpg_200x200q80.jpg_.webp;คอมพิวเตอร์แบบตั้งโต๊ะ;https://www.lazada.co.th/products/pc-hp-elitedesk-800-g3-mini-core-i7-7700t-29ghz8500-i3149308554-s11757943663.html?search=1;Lazada
คอมพิวเตอร์ครบชุด Dell จอ 17 นิ้วพร้อมเครื่อง PC Dell Optiplex 755 CPU CORE2 E7400 2.8G Ram 2 GB HDD 160GB เม้ากับคีย์บอร์ด ฟรีสายไฟสายจอ ติดตั้งโปรแกรมพร้อมใช้งาน;฿2,399.00;275;0;https://lzd-img-global.slatic.net/g/p/84849032c33545110a1d662e39686a71.jpg_200x200q80.jpg_.webp;คอมพิวเตอร์แบบตั้งโต๊ะ;https://www.lazada.co.th/products/dell-17-pc-dell-optiplex-755-cpu-core2-e7400-28g-ram-2-gb-hdd-160gb-i367614845-s718456620.html?search=1&freeshipping=1;Lazada
Dell-Optiplex-390(HDMI)-i52300-DDR3-4GBSSD120GBของใหม่คละยี่ห้อ;฿2,790.00;3;0;https://lzd-img-global.slatic.net/g/p/3d1e645b9757803b7ccf56ff39d38ca8.jpg_200x200q80.jpg_.webp;คอมพิวเตอร์แบบตั้งโต๊ะ;https://www.lazada.co.th/products/dell-optiplex-390hdmi-i52300-ddr3-4gbssd120gb-i2244492046-s7500731211.html?search=1;Lazada
"CORE-i3 เจน 2 Ram8 จอ 19""Y (ครบชุด) ฟรีเมาส์ คีย์บอร์ด ลำโพง ไวไฟ ประกัน 1 เดือน ถูกสุดๆไปเลยจ้า";฿4,690.00;16;0;https://lzd-img-global.slatic.net/g/ff/kf/S2dfba1cef45a4577829f07ac2824eba40.jpg_200x200q80.jpg_.webp;คอมพิวเตอร์แบบตั้งโต๊ะ;https://www.lazada.co.th/products/core-i3-2-ram8-19y-1-i2736080654-s9922164880.html?search=1&freeshipping=1;Lazada
"MSI NOTEBOOK (โน๊ตบุ๊ค) STEALTH 15M A11UEK-241TH / 15.6"" FHD IPS / i7-11375H / RTX3060 / 16GB / SSD 1TB / Windows10 Home (CARBON GRAY)";฿40,990.00;0;0;https://lzd-img-global.slatic.net/g/p/d4063239b2bf9df589ebc3867902bf2d.jpg_200x200q80.jpg_.webp;คอมพิวเตอร์แบบตั้งโต๊ะ;https://www.lazada.co.th/products/msi-notebook-stealth-15m-a11uek-241th-156-fhd-ips-i7-11375h-rtx3060-16gb-ssd-1tb-windows10-home-carbon-gray-i3053365694-s11189283936.html?search=1;Lazada
【ส่งจากกรุงเทพ】ผลิตภัณฑ์ใหม่เดสก์ท็อป all-in-one ultra-thin 23.6 นิ้ว LED / Intel Core i7-3520M / 8GB RAM / 256GB SSD / Win10 รับประกัน 1 ปี แถมฟรีคีย์บอร์ดและเมาส์ไร้สาย;฿16,299.00;31;0;https://lzd-img-global.slatic.net/g/p/43ea041769a2c49a95e896bb8dfa4f27.jpg_200x200q80.jpg_.webp;คอมพิวเตอร์แบบตั้งโต๊ะ;https://www.lazada.co.th/products/all-in-one-ultra-thin-236-led-intel-core-i7-3520m-8gb-ram-256gb-ssd-win10-1-i3165975460-s11846451016.html?search=1&freeshipping=1;Lazada
HP Elitedesk 800 G2 SFF / Core i5-6500 3.2 GHz / LGA 1151 / DDR4 4 GB / SATA 1 TB /  License Win 10 Pro;฿5,490.00;11;0;https://lzd-img-global.slatic.net/g/p/ea7c82cff8ca1591111055948ff19b2f.jpg_200x200q80.jpg_.webp;คอมพิวเตอร์แบบตั้งโต๊ะ;https://www.lazada.co.th/products/hp-elitedesk-800-g2-sff-core-i5-6500-32-ghz-lga-1151-ddr4-4-gb-sata-1-tb-license-win-10-pro-i2685557122-s9678822956.html?search=1&freeshipping=1;Lazada
[COMZING] คอมประกอบ คอมพิวเตอร์ พร้อมใช้งาน ทำงาน ดูหนังFullHD เล่นเกมเบาๆ ราคางบประหยัด;฿3,950.00;16;0;https://lzd-img-global.slatic.net/g/p/49e3dc83019604fb211fd03ed2cf4f59.jpg_200x200q80.jpg_.webp;คอมพิวเตอร์แบบตั้งโต๊ะ;https://www.lazada.co.th/products/comzing-fullhd-i1680042219-s10410762456.html?search=1;Lazada
คอมcp สเปคดี รับWIFI ได้ ไว้ใช้งาน ทำงานดูหนัง ฟังเพลง เล่นเกมส์ออนไลน์ hon pb freefire sf มาพร้อมจอ;฿4,990.00;43;0;https://lzd-img-global.slatic.net/g/p/2889823c70e12f21949938a93d9f2253.jpg_200x200q80.jpg_.webp;คอมพิวเตอร์แบบตั้งโต๊ะ;https://www.lazada.co.th/products/cp-wifi-hon-pb-freefire-sf-i848260794-s1721520053.html?search=1;Lazada
Core i3  Ram 4-8   เล่นเกม GTA SAN PUBG FreeFrie  HON PB SF  ทำงาน เรียนออนไล ดูหนังฟังเพลง ลงโปรแกรมให้พร้อมใช้งาน;฿5,990.00;15;0;https://lzd-img-global.slatic.net/g/p/3044e5784f6eb7f98e60548a604ecd45.jpg_200x200q80.jpg_.webp;คอมพิวเตอร์แบบตั้งโต๊ะ;https://www.lazada.co.th/products/core-i3-ram-4-8-gta-san-pubg-freefrie-hon-pb-sf-i1133570326-s2621420014.html?search=1;Lazada
LENOVO ThinkCentre M710t(MT) Core i5 7400 3.0GHz,RAM 8GB,HDD 1TB,DVD-RW (ใส่การ์ดจอมาตรฐานได้);฿6,990.00;2;0;https://lzd-img-global.slatic.net/g/p/ddb385da8eab69c1032d970c950ae09e.jpg_200x200q80.jpg_.webp;คอมพิวเตอร์แบบตั้งโต๊ะ;https://www.lazada.co.th/products/lenovo-thinkcentre-m710tmt-core-i5-7400-30ghzram-8gbhdd-1tbdvd-rw-i2833268277-s10337129431.html?search=1;Lazada
ชุดคอม สุดฮิต ราคาโดนใจ รับWIFI ได้ Quad Q 4คอร์ 4เทรด เร็ว แรง ลื่น พร้อมจอ 19 นิ้ว อุปกรณ์ครบชุด;฿5,990.00;68;0;https://lzd-img-global.slatic.net/g/p/ddc722626c13459bc2c0aca92c44a161.jpg_200x200q80.jpg_.webp;คอมพิวเตอร์แบบตั้งโต๊ะ;https://www.lazada.co.th/products/wifi-quad-q-4-4-19-i761394351-s1471958363.html?search=1;Lazada
คอมพิวเตอร์แรม8 เล่นฟีฟาย พับจี pb gtav;฿6,999.00;26;0;https://lzd-img-global.slatic.net/g/p/a269ef3d6dceeb1b54d856b58158fa30.jpg_200x200q80.jpg_.webp;คอมพิวเตอร์แบบตั้งโต๊ะ;https://www.lazada.co.th/products/8-pb-gtav-i1644316952-s4552400600.html?search=1;Lazada
i5-3470 แรม8กิ๊ก การ์ดจอ GTX750ti 2GB  SSD120+HDD500 จอ19 ทำงาน การ์ฟฟิค ตัดต่อ เล่นเกม เรียนออนไลน์ ครบชุด;฿15,500.00;13;0;https://lzd-img-global.slatic.net/g/p/10cfcf5b3008f8fc4e2d45228e587f37.png_200x200q80.jpg_.webp;คอมพิวเตอร์แบบตั้งโต๊ะ;https://www.lazada.co.th/products/i5-3470-8-gtx750ti-2gb-ssd120hdd500-19-i1072068225-s9687265586.html?search=1&freeshipping=1;Lazada
ลดราคาคอมพิวเตอร์PCคละรุ่นพร้อมใช้งานราคาถูก ดูหนัง ฟังเพลง ดูยูทูปลื่น พิมพ์งานออฟฟิศและอื่นๆ;฿750.00;143;0;https://lzd-img-global.slatic.net/g/p/557808ab882d8749a12df74a76f015be.jpg_200x200q80.jpg_.webp;คอมพิวเตอร์แบบตั้งโต๊ะ;https://www.lazada.co.th/products/pc-i764344788-s11217104725.html?search=1;Lazada
คอมพิวเตอร์ครบชุดพร้อมใช้งาน;฿3,990.00;1;0;https://lzd-img-global.slatic.net/g/ff/kf/Sc1359ce498144f21b72df08e1898140fh.jpg_200x200q80.jpg_.webp;คอมพิวเตอร์แบบตั้งโต๊ะ;https://www.lazada.co.th/products/-i2840808059-s10367122005.html?search=1;Lazada
คอมพิวเตอร์ชุด Ryzen 5 Pro 4650G+จอ24นิ้ว เลือกแรมได้ครับ;฿22,000.00;10;0;https://lzd-img-global.slatic.net/g/p/8b9139a845618bb05d37d640f3aa759b.jpg_200x200q80.jpg_.webp;คอมพิวเตอร์แบบตั้งโต๊ะ;https://www.lazada.co.th/products/ryzen-5-pro-4650g24-i364450823-s5742814569.html?search=1;Lazada
Usedคอมพิวเตอร์ Dell Core I3 2100 Ram4GB HD250 น่าใช้ราคาดี ลดราคาจากเดิม;฿2,290.00;62;0;https://lzd-img-global.slatic.net/g/p/ec77e1ef1e5d52c9bd19410fe856981c.jpg_200x200q80.jpg_.webp;คอมพิวเตอร์แบบตั้งโต๊ะ;https://www.lazada.co.th/products/used-dell-core-i3-2100-ram4gb-hd250-i551844667-s1005320019.html?search=1;Lazada
Fujitsu Dell HP ครบชุดพร้อมใช้งานถูกมาก;฿1,990.00;31;0;https://lzd-img-global.slatic.net/g/p/5a05a4d508f4aceebf86ee8e2a416331.jpg_200x200q80.jpg_.webp;คอมพิวเตอร์แบบตั้งโต๊ะ;https://www.lazada.co.th/products/fujitsu-dell-hp-i2152474148-s8973769900.html?search=1;Lazada
คอมพิวเตอร์ PC Epson st170e Core i3 RAM 4 GB HDD 250 GB mini pc มือสอง อัพวินโดว์ได้ อัพแรมได้ คอมมือสอง คอมตั้งโต๊ะ คอมมือ2 คอมราคาถูก shoppingmart;฿3,059.00;82;0;https://lzd-img-global.slatic.net/g/p/70ad1dfb76535b98421182192b4df369.jpg_200x200q80.jpg_.webp;คอมพิวเตอร์แบบตั้งโต๊ะ;https://www.lazada.co.th/products/pc-epson-st170e-core-i3-ram-4-gb-hdd-250-gb-mini-pc-2-shoppingmart-i2278573153-s11215568451.html?search=1;Lazada
คอมพิวเตอร์ NEC Core i5 RAM DDR3 4GB คอมประกอบ คอมพิวเตอร์ตั้งโต๊ะ คอมมือสอง คอมพิวเตอร์มือ2 คอมราคาถูก คอมพิวเตอร์ pc Neon;฿3,055.00;3;0;https://lzd-img-global.slatic.net/g/p/204dd656c0e8755f2ea8e8b8ff3b42c8.jpg_200x200q80.jpg_.webp;คอมพิวเตอร์แบบตั้งโต๊ะ;https://www.lazada.co.th/products/nec-core-i5-ram-ddr3-4gb-2-pc-neon-i2420795935-s8337682448.html?search=1;Lazada
คอมพิวเตอร์พร้อมเล่น เเถมเกมส์ 200 เกมส์ เกมส์ออนไลน์ โปรเเกรม+wifi;฿2,990.00;44;0;https://lzd-img-global.slatic.net/g/p/1f5177693f99df2b61c85b6e8e8e1904.jpg_200x200q80.jpg_.webp;คอมพิวเตอร์แบบตั้งโต๊ะ;https://www.lazada.co.th/products/200-wifi-i385504967-s749024276.html?search=1;Lazada
CORE I5 ขายถูกๆ ครบชุดพร้อมใช้งาน;฿7,700.00;0;0;https://lzd-img-global.slatic.net/g/p/e8f09ad3a26dc8154b003c189c8dea09.jpg_200x200q80.jpg_.webp;คอมพิวเตอร์แบบตั้งโต๊ะ;https://www.lazada.co.th/products/core-i5-i2794406098-s10174295916.html?search=1&freeshipping=1;Lazada
ฮาสดิสเก็บข้อมูลคอมพิวเตอร์ หลายขนาดให้เลือก คละแบรน;฿300.00;60;0;https://lzd-img-global.slatic.net/g/p/e75249e7d6580ca054a2e7122465e205.jpg_200x200q80.jpg_.webp;คอมพิวเตอร์แบบตั้งโต๊ะ;https://www.lazada.co.th/products/-i1708372906-s4846072942.html?search=1;Lazada
คอมพิวเตอร์ครบชุด เล่นเกมส์ ตัดต่อ ทำคลิป ทำงาน แถมฟรีตัวรับไวไฟ;฿9,980.00;11;0;https://lzd-img-global.slatic.net/g/p/c8ce41f0cda0b6d5caa8b8e56b6730a6.jpg_200x200q80.jpg_.webp;คอมพิวเตอร์แบบตั้งโต๊ะ;https://www.lazada.co.th/products/-i1962516938-s10412753761.html?search=1;Lazada
1600W 1200W 750W PSU SERVER - ตัวจ่ายไฟการ์ดจอสำหรับงานขุดเหรียญ ETH BITCOIN;฿990.00;23;0;https://lzd-img-global.slatic.net/g/p/8e51fa31bbf46cb9a14ca836bff77ec8.jpg_200x200q80.jpg_.webp;คอมพิวเตอร์แบบตั้งโต๊ะ;https://www.lazada.co.th/products/1600w-1200w-750w-psu-server-eth-bitcoin-i2149916479-s11727421848.html?search=1;Lazada
กล้องวิดีโอระดับมืออาชีพ HD 1080P กล้องดิจิตอลแบบใช้มือถือ 16X Digital Zoom (ไม่รวมการ์ด SD) IYOM001;฿799.00;26;0;https://lzd-img-global.slatic.net/3rd/q/aHR0cHM6Ly9jYW5hcnkuY29udGVzdGltZy53aXNoLmNvbS9hcGkvd2ViaW1hZ2UvNjEzOTg4ZTdjZjY4NTlkZDNlMzdjNzEyLTEtbGFyZ2UuanBn_200x200q80.jpg_.webp;กล้อง DSLR;https://www.lazada.co.th/products/hd-1080p-16x-digital-zoom-sd-iyom001-i3214084319-s11988083996.html?search=1;Lazada
กล้องส่องพระ/ส่องเพรช Canon สีเงิน เลนส์แก้วสองชั้น 10x18mm แถมฟรีซองหนังวัวแท้ตรงรุ่น;฿350.00;8;0;https://lzd-img-global.slatic.net/g/p/84e3b44581f30b47cff7953afd2d7a35.jpg_200x200q80.jpg_.webp;กล้อง DSLR;https://www.lazada.co.th/products/canon-10x18mm-i2444851780-s8474166517.html?search=1&freeshipping=1;Lazada
กล้องส่อง3เลนส์ กล้องส่องพระ ส่องเพชร 30x 60x 90x พร้อมไฟ LED กล้องพระ แว่นส่องพระ ส่องพระ;฿97.00;205;0;https://lzd-img-global.slatic.net/g/p/a745abdbfe3c459761868acbdbde2094.jpg_200x200q80.jpg_.webp;กล้อง DSLR;https://www.lazada.co.th/products/3-30x-60x-90x-led-i2490393434-s8787910996.html?search=1;Lazada
【ฝ่ายสนับสนุนด้านเทคนิคของ Canon】กล้องดิจิตอลซูมดิจิตอล Full HD 4K 16x กล้อง HD กล้องดิจิตอลซูมระดับมืออาชี กล้องถ่ายรูปกับวิดีโอบล็อกที่ความชัดเจนระดับสูง;฿288.00;36;0;https://lzd-img-global.slatic.net/g/p/0e6ae838b59d87ce84002149c7eebc96.jpg_200x200q80.jpg_.webp;กล้อง DSLR;https://www.lazada.co.th/products/canon-full-hd-4k-16x-hd-i2823804558-s13415561622.html?search=1&freeshipping=1;Lazada
【รองรับภาษาไทย】 กล้องดิจิตอล ความละเอียดสูง 4K 48 ล้านพิกเซลพร้อมฟังก์ชั่น WIFI กล้องการท่องเที่ยวใช้ในครอบครัว กล้องเซลฟี่ (แถมเมมโมรี่การ์ดที่ความเร็วสูง 16G + แบตเตอรี่เดิม);฿2,899.00;118;0;https://lzd-img-global.slatic.net/g/p/208b2740dbfa1449bb0e9296215c6c38.jpg_200x200q80.jpg_.webp;กล้อง DSLR;https://www.lazada.co.th/products/4k-48-wifi-16g-i2166622705-s7200954232.html?search=1&freeshipping=1;Lazada
【ฝ่ายสนับสนุนด้านเทคนิคของ Canon】กล้องดิจิตอลซูมดิจิตอล Full HD 4K 16x กล้อง HD กล้องดิจิตอลซูมระดับมืออาชี กล้องถ่ายรูปกับวิดีโอบล็อกที่ความชัดเจนระดับสูง;฿3,055.00;8;0;https://lzd-img-global.slatic.net/g/p/7f7d88c2876a568dd2e3a67204f09b53.jpg_200x200q80.jpg_.webp;กล้อง DSLR;https://www.lazada.co.th/products/canon-full-hd-4k-16x-hd-i3184044764-s11897561030.html?search=1&freeshipping=1;Lazada
แว่นขยายส่องพระ กล้องส่องพระ สีเงิน ขนาด 30x21 mm. No. MG55367 ( แว่นขยาย แว่นส่องพระ แว่นส่องเพชร กล้องส่องเพชร แว่นขยายพับได้ แว่นขยายพกพา );฿30.00;57;0;https://lzd-img-global.slatic.net/g/p/4a88ae3fc317599884b55b587f22668b.jpg_200x200q80.jpg_.webp;กล้อง DSLR;https://www.lazada.co.th/products/30x21-mm-no-mg55367-i1330786815-s3322096098.html?search=1;Lazada
ใหม่ 2022 กล้อง HD Telephoto SLR กล้องดิจิตอลเลนส์คงที่อินเตอร์เฟส 26X ซูม AV;฿1,799.00;109;0;https://lzd-img-global.slatic.net/g/p/158905685a5d4292f4d240ca87718157.jpg_200x200q80.jpg_.webp;กล้อง DSLR;https://www.lazada.co.th/products/2022-hd-telephoto-slr-26x-av-i1827708660-s5500684950.html?search=1&freeshipping=1;Lazada
ลูกยางเป่าลม ทำความสะอาดกล้องถ่ายรูปและเลนส์กล้องถ่ายรูปและใช้เป่าอื่นๆ;฿49.00;1;0;https://lzd-img-global.slatic.net/g/p/f92be0d2702a5a33ab90855fd7056026.jpg_200x200q80.jpg_.webp;กล้อง DSLR;https://www.lazada.co.th/products/-i1989466252-s6380846991.html?search=1;Lazada
30X กล้องส่องเพชร กล้องส่องพระ กล้องขยาย กล้องขยายส่องอัญมณี ของเก่า พร้อมกล่องใส่;฿33.00;125;0;https://lzd-img-global.slatic.net/g/p/ceb4c9946669c1a318a3a4e30e0e7d2f.jpg_200x200q80.jpg_.webp;กล้อง DSLR;https://www.lazada.co.th/products/30x-i1330802444-s3321894874.html?search=1;Lazada
Nikon D90 Digital SLR Camera - Black Body only, ตัวกล้อง DSLR;฿4,800.00;4;0;https://lzd-img-global.slatic.net/g/p/bfcc1bb8ea9f73c054477d4049f9be7a.jpg_200x200q80.jpg_.webp;กล้อง DSLR;https://www.lazada.co.th/products/nikon-d90-digital-slr-camera-black-body-only-dslr-i2151770843-s7179870710.html?search=1;Lazada
【ฝ่ายสนับสนุนด้านเทคนิคของ Canon】กล้องดิจิตอล48MP ให้การ์ดหน่วยความจำ 32GB หน้าจอ 3.0 นิ้ว ความคมชัด 18 ล้านพิกเซล ความละเอียด 4K มีระบบกันสั่น กล้องถ่ายรูป กล้องครอบครัว กล้องท่องเที่ยว bit cheaper;฿288.00;34;0;https://lzd-img-global.slatic.net/g/p/ec98e13bff62ce65c7a925ba6112beb3.jpg_200x200q80.jpg_.webp;กล้อง DSLR;https://www.lazada.co.th/products/canon48mp-32gb-30-18-4k-bit-cheaper-i2824235422-s13415594119.html?search=1&freeshipping=1;Lazada
Suaveolens 【 instock 】 xj06 HD flip Screen selfie กล้องดิจิตอลมืออาชีพ Digital Full HD 1080P 16mp vlogging flip selfie กล้องกล้องวิดีโอ;฿998.00;25;0;https://lzd-img-global.slatic.net/g/p/d1df20dbfe39a0b4e90a49ad48f1e16a.jpg_200x200q80.jpg_.webp;กล้อง DSLR;https://www.lazada.co.th/products/suaveolens-instock-xj06-hd-flip-screen-selfie-digital-full-hd-1080p-16mp-vlogging-flip-selfie-i1731258036-s4962796977.html?search=1&freeshipping=1;Lazada
ฝาปิดหน้าเลนส์ NIKON 49,52,55,58,62,,67,72,77,82mm;฿39.00;17;0;https://lzd-img-global.slatic.net/g/p/bcc40c508ac590b2c04feb3334388b79.jpg_200x200q80.jpg_.webp;กล้อง DSLR;https://www.lazada.co.th/products/nikon-495255586267727782mm-i1989434531-s6380912054.html?search=1;Lazada
【ฝ่ายสนับสนุนด้านเทคนิคของ Canon】กล้องดิจิตอลความละเอียดสูง 48 ล้านพิกเซล กล้องไมโครเดี่ยว กล้องวิดีโอดิจิตอลระดับมืออาชีพพร้อมฟังก์ชั่น WIFI แถมเลนส์ 52 มม ( ประกัน +SD Card + ฟิล์มกันรอย);฿2,788.00;174;0;https://lzd-img-global.slatic.net/g/p/5b39ea3ccfb70de31f02003a753ac17e.jpg_200x200q80.jpg_.webp;กล้อง DSLR;https://www.lazada.co.th/products/canon-48-wifi-52-sd-card-i1932558943-s6109240841.html?search=1&freeshipping=1;Lazada
30X กล้องส่องเพชร กล้องส่องพระ กล้องขยาย กล้องขยายส่องอัญมณี ของเก่า พร้อมกล่องใส่;฿31.00;2;0;https://lzd-img-global.slatic.net/g/p/ceb4c9946669c1a318a3a4e30e0e7d2f.jpg_200x200q80.jpg_.webp;กล้อง DSLR;https://www.lazada.co.th/products/30x-i2576050345-s9171648616.html?search=1;Lazada
กล้องส่องพระ/ส่องเพชร​ ​มืออาชีพ​ Zeiss​ winkel​ D80 Triplet Lens Made In bararus สีดำขาว10x18mm เลนส์แก้ว 3ชั้นมัลติโค๊ตสีฟ้าตัดแสง​ ฟรีซองหนังตรงรุ่น;฿850.00;71;0;https://lzd-img-global.slatic.net/g/p/7b0687fc5d9573dad4f0e328e155b438.jpg_200x200q80.jpg_.webp;กล้อง DSLR;https://www.lazada.co.th/products/zeiss-winkel-d80-triplet-lens-made-in-bararus-10x18mm-3-i1550472916-s4143188915.html?search=1&freeshipping=1;Lazada
ยางรองตา Nikon DK-25 D5100 D5200 D5300 D5500 D5600 D3100 D3200 D3300 D3400;฿39.00;10;0;https://lzd-img-global.slatic.net/g/p/74721de3d8f5348c5216d23f960575af.jpg_200x200q80.jpg_.webp;กล้อง DSLR;https://www.lazada.co.th/products/nikon-dk-25-d5100-d5200-d5300-d5500-d5600-d3100-d3200-d3300-d3400-i1989466219-s6380856824.html?search=1;Lazada
【ฝ่ายสนับสนุนด้านเทคนิคของ Canon】กล้องดิจิตอล48MP ให้การ์ดหน่วยความจำ 32GB หน้าจอ 3.0 นิ้ว ความคมชัด 18 ล้านพิกเซล ความละเอียด 4K มีระบบกันสั่น กล้องถ่ายรูป กล้องครอบครัว กล้องท่องเที่ยว bit cheaper;฿3,055.00;11;0;https://lzd-img-global.slatic.net/g/p/25d17ab3db1bb640d23931fb89f66f9c.jpg_200x200q80.jpg_.webp;กล้อง DSLR;https://www.lazada.co.th/products/canon48mp-32gb-30-18-4k-bit-cheaper-i3184168453-s11897795560.html?search=1&freeshipping=1;Lazada
รีโมทกล้องถ่ายรูป​หลายๆรุ่น;฿59.00;1;0;https://lzd-img-global.slatic.net/g/p/d96bb7e54170defcdf812ebadd5d0720.jpg_200x200q80.jpg_.webp;กล้อง DSLR;https://www.lazada.co.th/products/-i1989480197-s6380868654.html?search=1;Lazada
NIKON D5600 KIT LENS 18-140MM BLACK ประกันร้าน EC-MALL (แถมฟรี SD32GB CLASS10+ฟิล์มกันรอย+ชุดทำความสะอาด+กระเป๋า);฿32,900.00;12;0;https://lzd-img-global.slatic.net/live/th/p/629434ea6e3ae3ebc80b12d12063e539.jpg_200x200q80.jpg_.webp;กล้อง DSLR;https://www.lazada.co.th/products/nikon-d5600-kit-lens-18-140mm-black-ec-mall-sd32gb-class10-i108802756-s110350261.html?search=1;Lazada
JENA OPTIC 10X Taschenlupe จากเยอรมัน เลนส์แก้ว3ชั้น เคลือบมัลติโค๊ต​ แถมฟรีซองหนังตรงรุ่น;฿1,280.00;19;0;https://lzd-img-global.slatic.net/g/p/24c13f0e3a3e9641aeb4b96c68402264.jpg_200x200q80.jpg_.webp;กล้อง DSLR;https://www.lazada.co.th/products/jena-optic-10x-taschenlupe-3-i2425488692-s8371421207.html?search=1&freeshipping=1;Lazada
สายคล้องกล้อง DSLR Focus F-1;฿139.00;0;0;https://lzd-img-global.slatic.net/g/p/c4b3fa2bd68275b742670ba18677042f.jpg_200x200q80.jpg_.webp;กล้อง DSLR;https://www.lazada.co.th/products/dslr-focus-f-1-i1989490016-s6380830970.html?search=1;Lazada
สายคล้องมือสำหรับกล้อง dslr;฿69.00;3;0;https://lzd-img-global.slatic.net/g/p/8924962ad6b2f8da1aae56d9080e3335.jpg_200x200q80.jpg_.webp;กล้อง DSLR;https://www.lazada.co.th/products/dslr-i1989490001-s6380888361.html?search=1;Lazada
Nikon D3200 24MP DSLR camera Black Body only ตัวกล้อง;฿4,200.00;1;0;https://lzd-img-global.slatic.net/g/p/8e8a41527ae15c8cffdf64b9a0fa8f73.jpg_200x200q80.jpg_.webp;กล้อง DSLR;https://www.lazada.co.th/products/nikon-d3200-24mp-dslr-camera-black-body-only-i643752811-s8026610721.html?search=1;Lazada
OP / TECH Optic Rain Sleeveขนาดเล็ก 9001022;฿557.00;0;0;https://lzd-img-global.slatic.net/g/p/15d6fc3df63d500872a70eafd30e21fe.jpg_200x200q80.jpg_.webp;กล้อง DSLR;https://www.lazada.co.th/products/op-tech-optic-rain-sleeve-9001022-i1451882543-s3782416708.html?search=1&freeshipping=1;Lazada
แว่นขยายส่องพระ กล้องส่องพระ สีเงิน ขนาด 30x21 mm. No. MG55367 ( แว่นขยาย แว่นส่องพระ แว่นส่องเพชร กล้องส่องเพชร แว่นขยายพับได้ แว่นขยายพกพา );฿34.00;33;0;https://lzd-img-global.slatic.net/g/p/ceb4c9946669c1a318a3a4e30e0e7d2f.jpg_200x200q80.jpg_.webp;กล้อง DSLR;https://www.lazada.co.th/products/30x21-mm-no-mg55367-i1549356553-s4138548570.html?search=1;Lazada
ฝาปิดหน้าเลนส์ Fujifilm ขนาด 52 - 58 MM;฿39.00;10;0;https://lzd-img-global.slatic.net/g/p/3ea2de1789a6c802e6a2b8e98687591c.jpg_200x200q80.jpg_.webp;กล้อง DSLR;https://www.lazada.co.th/products/fujifilm-52-58-mm-i1989436511-s6380800896.html?search=1;Lazada
Canon Kiss X7i (Canon EOS 700D Rebel T5i) DSLR Black Body. Digital SLR Camera - ตัวกล้อง;฿6,440.00;2;0;https://lzd-img-global.slatic.net/g/p/8f0122012cab7b6c087e22a777ff59d3.jpg_200x200q80.jpg_.webp;กล้อง DSLR;https://www.lazada.co.th/products/canon-kiss-x7i-canon-eos-700d-rebel-t5i-dslr-black-body-digital-slr-camera-i2055752101-s6705560491.html?search=1;Lazada
กล้องส่องพระ/ส่องเพรช Canon A.S.H. รุ่นใหม่ สีดำขาว เลนส์แก้วสามชั้น Multicoat 10X18MM แถมฟรีซองหนังวัวแท้สวยๆตรงรุ่น;฿630.00;12;0;https://lzd-img-global.slatic.net/g/p/a2ec82a6b30b0cb964623375b6c241a8.jpg_200x200q80.jpg_.webp;กล้อง DSLR;https://www.lazada.co.th/products/canon-ash-multicoat-10x18mm-i1550606030-s4143346165.html?search=1&freeshipping=1;Lazada
ฝาปิดหน้าเลนส์ CANON 49,52,55,58,62,67,72,77,82;฿39.00;9;0;https://lzd-img-global.slatic.net/g/p/20d8b8b4ae8e103548c0bd9062cb7f4a.jpg_200x200q80.jpg_.webp;กล้อง DSLR;https://www.lazada.co.th/products/canon-495255586267727782-i1989450394-s6380852623.html?search=1;Lazada
Nikon D5600 Kit AF-P 18-55mm VR ( ประกันEC-Mall ฟรี SD 16GB+กระเป๋า+ฟิล์มกันรอย+ชุดทำความสะอาด);฿28,900.00;80;0;https://lzd-img-global.slatic.net/live/th/p/baa4a50640949dd7b4bb0e2e47d9f05b.jpg_200x200q80.jpg_.webp;กล้อง DSLR;https://www.lazada.co.th/products/nikon-d5600-kit-af-p-18-55mm-vr-ec-mall-sd-16gb-i108801772-s110349254.html?search=1;Lazada
กล้อง Canon EOS 200D MKII 18-55 is stm ( รับประกัน 1 ปี By AVcentershop );฿23,300.00;20;0;https://lzd-img-global.slatic.net/g/p/5ea294096a99971ed63937af5160d5a7.jpg_200x200q80.jpg_.webp;กล้อง DSLR;https://www.lazada.co.th/products/canon-eos-200d-mkii-18-55-is-stm-1-by-avcentershop-i367728648-s718760491.html?search=1;Lazada
Canon EOS 200D Mark2 Kit 18-55 mm.IS STM(ชุดครบSETแถมฟรี) รับประกัน 1ปี;฿24,890.00;29;0;https://lzd-img-global.slatic.net/g/ff/kf/Sea72d6f28f6c4f1bb2f0a81d7eac4b10k.jpg_200x200q80.jpg_.webp;กล้อง DSLR;https://www.lazada.co.th/products/canon-eos-200d-mark2-kit-18-55-mmis-stmset-1-i365636627-s714574002.html?search=1;Lazada
กล้องถ่ายรูปสำหรับเด็ก รุ่นA300 จอสี 2 นิ้ว ดีไซน์รูปหน้าวัว;฿439.00;1;0;https://lzd-img-global.slatic.net/g/p/36fffce122facdc64f803e95251f2e87.jpg_200x200q80.jpg_.webp;กล้อง DSLR;https://www.lazada.co.th/products/a300-2-i1185750763-s2817912611.html?search=1;Lazada
ဒံပေါက်ရပြီနော်စာလို့အရမ်းကောင်း   ဒံေပါက္ရၿပီေနာ္စာလို႔အရမ္းေကာင္း;฿110.00;17;0;https://lzd-img-global.slatic.net/g/ff/kf/Sa57b5eca474c4773a071af8b676fd618z.jpg_200x200q80.jpg_.webp;กล้อง DSLR;https://www.lazada.co.th/products/-i2827430755-s10312550796.html?search=1;Lazada
ฝาปิดหน้าเลนส์แบบไม่มีโลโก้37,40.5,43,46,49,52,55,58,62,67,72,77,82mm;฿39.00;5;0;https://lzd-img-global.slatic.net/g/p/fda986abc610f5ada79089bb3cfca722.jpg_200x200q80.jpg_.webp;กล้อง DSLR;https://www.lazada.co.th/products/374054346495255586267727782mm-i1989430611-s6380864648.html?search=1;Lazada
【ประกันศูนย์ไทย】 กล้องดิจิตอล48MP ให้การ์ดหน่วยความจำ 32GB หน้าจอ 3.0 นิ้ว ความคมชัด 18 ล้านพิกเซล ความละเอียด 4K มีระบบกันสั่น;฿299.00;8;0;https://lzd-img-global.slatic.net/g/p/c7e0b61760d30fda066ffa9ae4df3383.jpg_200x200q80.jpg_.webp;กล้อง DSLR;https://www.lazada.co.th/products/48mp-32gb-30-18-4k-i3407408433-s13415536138.html?search=1;Lazada
【ประกันศูนย์ไทย】 กล้องดิจิตอล HD CCD กล้องดิจิตอลขนาดเล็กระดับเริ่มต้น (ฟรีการ์ดหน่วยความจำ 16G + แบตเตอรี่ดั้งเดิม);฿299.00;10;0;https://lzd-img-global.slatic.net/g/p/c09cb3fdb720008d95b98deabb1759cc.jpg_200x200q80.jpg_.webp;กล้อง DSLR;https://www.lazada.co.th/products/hd-ccd-16g-i3407329570-s13415544285.html?search=1;Lazada
กล้องถ่ายรูป กล้องแอ็คชั่น 4k  กล้องดิจิตอลความละเอียดสูง 48 ล้านพิกเซล กล้องไมโครตัวเดียว กล;฿2,750.00;13;0;https://lzd-img-global.slatic.net/g/p/a0714e15142aff5285c53cb0c4609d8f.jpg_200x200q80.jpg_.webp;กล้อง DSLR;https://www.lazada.co.th/products/4k-48-i2770276693-s10071524441.html?search=1;Lazada
Canon Camera EOS RP Body [ Black ] เมนูอังกฤษ- รับประกันร้าน Digilife Thailand 1ปี;฿32,290.00;6;0;https://lzd-img-global.slatic.net/g/p/aa7d79870c02449c0c6508f41547fb53.jpg_200x200q80.jpg_.webp;กล้องมิลเลอร์เลส;https://www.lazada.co.th/products/canon-camera-eos-rp-body-black-digilife-thailand-1-i2290442944-s7698393359.html?search=1;Lazada
Panasonic DC-S5KGA-K 24Mp Mirorless Full Frame Camera  Lens S-R20-60 mm F3.5-5.6;฿69,990.00;0;0;https://lzd-img-global.slatic.net/g/p/d7f8ec27b50644df4ceb9ebafcf5be1c.jpg_200x200q80.jpg_.webp;กล้องมิลเลอร์เลส;https://www.lazada.co.th/products/panasonic-dc-s5kga-k-24mp-mirorless-full-frame-camera-lens-s-r20-60-mm-f35-56-i2717924653-s9835131783.html?search=1&freeshipping=1;Lazada
Fujifilm Camera X-T200 kit 15-45 mm. [รับประกัน 1 ปี By AVcentershop];฿10,108.28;0;0;https://lzd-img-global.slatic.net/g/p/c7937206505a0390f7a7cb998e81f953.jpg_200x200q80.jpg_.webp;กล้องมิลเลอร์เลส;https://www.lazada.co.th/products/fujifilm-camera-x-t200-kit-15-45-mm-1-by-avcentershop-i3567911311-s13318378968.html?search=1;Lazada
ยางรองตา SONY (ของเทียบ);฿39.00;0;0;https://lzd-img-global.slatic.net/g/p/4f7ab7a399c80437597477256162b98e.jpg_200x200q80.jpg_.webp;กล้องมิลเลอร์เลส;https://www.lazada.co.th/products/sony-i1989438577-s6380904921.html?search=1;Lazada
ปุ่มกดชัตเตอร์ Soft Shutter Release​  3สี;฿39.00;0;0;https://lzd-img-global.slatic.net/g/p/cc297a7edb24be10f33b83ca22f63709.jpg_200x200q80.jpg_.webp;กล้องมิลเลอร์เลส;https://www.lazada.co.th/products/soft-shutter-release-3-i1989412786-s6380856845.html?search=1;Lazada
FDA-EP11 for Sony A7 / A7R / A7S /A7II/ A7S2 /A7R2;฿39.00;0;0;https://lzd-img-global.slatic.net/g/p/e322e5b26f2f7cb10d5c1e99345a520c.jpg_200x200q80.jpg_.webp;กล้องมิลเลอร์เลส;https://www.lazada.co.th/products/fda-ep11-for-sony-a7-a7r-a7s-a7ii-a7s2-a7r2-i1989440520-s6380914263.html?search=1;Lazada
กล้องติดรถยนต์T626FUII HD;฿380.00;5;0;https://lzd-img-global.slatic.net/g/p/7312abf49d71df5bd30321b7a9c00aa7.jpg_200x200q80.jpg_.webp;กล้องมิลเลอร์เลส;https://www.lazada.co.th/products/t626fuii-hd-i1898186728-s5964424117.html?search=1&freeshipping=1;Lazada
Fujifilm X-T200 Mirrorless Digital Camera - ประกันศูนย์;฿12,534.20;0;0;https://lzd-img-global.slatic.net/g/p/3e57d973abb5598340937fef78022845.jpg_200x200q80.jpg_.webp;กล้องมิลเลอร์เลส;https://www.lazada.co.th/products/fujifilm-x-t200-mirrorless-digital-camera-i3545463303-s13236556601.html?search=1;Lazada
Canon EOS M6 18-150 มิลลิเมตรเลนส์กล้องดิจิทัล - INTL;฿13,707.88;0;0;https://lzd-img-global.slatic.net/live/th/p/7717973b5177ad3f28c1249771c7e5cd.jpg_200x200q80.jpg_.webp;กล้องมิลเลอร์เลส;https://www.lazada.co.th/products/canon-eos-m6-18-150-intl-i3567865598-s13318452330.html?search=1;Lazada
แค่อุปกรณ์กระจก LF กล้องโพลารอยด์กระจกถ่ายภาพบุคคล,กล้องโพลารอยด์หลากหลายแบบสำหรับ Mini7s Mini8/9กระจกถ่ายภาพคนทั่วไป;฿45.00;25;0;https://lzd-img-global.slatic.net/g/p/739205665cbdf1221f088db3b1ff009a.jpg_200x200q80.jpg_.webp;กล้องมิลเลอร์เลส;https://www.lazada.co.th/products/lf-mini7s-mini89-i3138533422-s11694356279.html?search=1&freeshipping=1;Lazada
Fuji xa10 พร้อม​เลนส์ สภาพใหม่ การทำงานเต็ม​ระบบ​ เมนูไทย  มีwifi มีกล่องครบ;฿6,300.00;0;0;https://lzd-img-global.slatic.net/g/p/bd332788b890b58ca3eb2e12f18cbab1.jpg_200x200q80.jpg_.webp;กล้องมิลเลอร์เลส;https://www.lazada.co.th/products/fuji-xa10-wifi-i3014193523-s11085138686.html?search=1;Lazada
Fujifilm X-T200 Mirrorless Digital Camera - ประกันศูนย์;฿12,534.20;0;0;https://lzd-img-global.slatic.net/g/p/3e57d973abb5598340937fef78022845.jpg_200x200q80.jpg_.webp;กล้องมิลเลอร์เลส;https://www.lazada.co.th/products/fujifilm-x-t200-mirrorless-digital-camera-i3545367970-s13236590829.html?search=1&freeshipping=1;Lazada
[กรุงเทพฯ ส่งด่วน 1 ชั่วโมง] กล้องดิจิตอล HD CCD กล้องดิจิตอลขนาดเล็กระดับเริ่มต้น (ฟรีการ์ดหน่วยความจำ 16G + แบตเตอรี่ดั้งเดิม);฿2,200.00;51;0;https://lzd-img-global.slatic.net/g/p/f522d437343010508798a62c62a92503.jpg_200x200q80.jpg_.webp;กล้องมิลเลอร์เลส;https://www.lazada.co.th/products/1-hd-ccd-16g-i2401608355-s8209892420.html?search=1&freeshipping=1;Lazada
มือจับจักรยานตัวสะท้อนแสงสะท้อนแสงด้านหน้าไฟเตือนด้านหลังเลนส์ความปลอดภัย;฿20.00;0;0;https://lzd-img-global.slatic.net/g/p/4344e2da41f49022f4038d1c3540df06.jpg_200x200q80.jpg_.webp;กล้องมิลเลอร์เลส;https://www.lazada.co.th/products/-i1470416485-s3856038610.html?search=1;Lazada
Olympus em10 ii พร้อม​เลนส์​ ​​​ สภาพ​ใหม่ การทำงานเต็ม​ระบบ​ เมนูไทย มีwifi มีกล่องครบ;฿7,300.00;0;0;https://lzd-img-global.slatic.net/g/p/8878c105335ecd3cd096d163fe456601.jpg_200x200q80.jpg_.webp;กล้องมิลเลอร์เลส;https://www.lazada.co.th/products/olympus-em10-ii-wifi-i2370714071-s8023235480.html?search=1;Lazada
ผ่อน 0%** Fujifilm Camera X-T4 Body - รับประกันร้าน Digilife Thailand 1ปี;฿49,500.00;2;0;https://lzd-img-global.slatic.net/g/p/46d9450604bbcb2eead420ef18033873.jpg_200x200q80.jpg_.webp;กล้องมิลเลอร์เลส;https://www.lazada.co.th/products/0-fujifilm-camera-x-t4-body-digilife-thailand-1-i1950252507-s6193712204.html?search=1;Lazada
Canon 760D พร้อม​เลนส์ สภาพใหม่ การทำงานเต็ม​ระบบ​ เมนูไทย  มีwifi;฿13,650.00;0;0;https://lzd-img-global.slatic.net/g/p/264e27ea915490203b03b03c03c20013.jpg_200x200q80.jpg_.webp;กล้องมิลเลอร์เลส;https://www.lazada.co.th/products/canon-760d-wifi-i3163713453-s11833582056.html?search=1;Lazada
ผ่อน 0%** Canon Camera EOS R6 Body - รับประกันร้าน Digilife Thailand 1 ปี;฿74,890.00;0;0;https://lzd-img-global.slatic.net/g/p/d5f50764dd51a1fe6ba51c10b9518d0c.jpg_200x200q80.jpg_.webp;กล้องมิลเลอร์เลส;https://www.lazada.co.th/products/0-canon-camera-eos-r6-body-digilife-thailand-1-i1954364387-s12808272175.html?search=1;Lazada
Dual Fast Charger for NP-F-970 / FZ-100 ตัวชาจแบตเตอรี่ไว แบบคู่;฿600.00;0;0;https://lzd-img-global.slatic.net/g/p/0bf5aeb4ab0af3d94d945ea886d6a9a5.jpg_200x200q80.jpg_.webp;กล้องมิลเลอร์เลส;https://www.lazada.co.th/products/dual-fast-charger-for-np-f-970-fz-100-i2246201165-s7506333211.html?search=1;Lazada
Film Camera Bag เคสกล้องฟิล์ม;฿299.00;0;0;https://lzd-img-global.slatic.net/g/p/1842b2df31c4239f7d886e2898c8d540.jpg_200x200q80.jpg_.webp;กล้องมิลเลอร์เลส;https://www.lazada.co.th/products/film-camera-bag-i1621252099-s4451792163.html?search=1;Lazada
** FUJIFILM X-T4 Body (สินค้าใหม่ ประกันศูนย์ไทย);฿49,990.00;0;0;https://lzd-img-global.slatic.net/g/p/6d8398822effc47b0d3896d57b3256d7.jpg_200x200q80.jpg_.webp;กล้องมิลเลอร์เลส;https://www.lazada.co.th/products/fujifilm-x-t4-body-i1906658032-s6004376158.html?search=1;Lazada
Samsung NX300M Wi-Fi BT NFC Black Body NX Series 300M, Galaxy NX300 M Mirrorless Digital Vlog Camera Social Media Upload, E-mail, Vlogger Mobile Link, PC Auto-backup, Remote Viewfinder, All Share 3D Photos and 3D Videos;฿3,990.00;0;0;https://lzd-img-global.slatic.net/g/p/06f925a0a425051e91aef82e910ea75b.jpg_200x200q80.jpg_.webp;กล้องมิลเลอร์เลส;https://www.lazada.co.th/products/samsung-nx300m-wi-fi-bt-nfc-black-body-nx-series-300m-galaxy-nx300-m-mirrorless-digital-vlog-camera-social-media-upload-e-mail-vlogger-mobile-link-pc-auto-backup-remote-viewfinder-all-share-3d-photos-and-3d-videos-i651556136-s1258700349.html?search=1;Lazada
Olympus OM-D E-M5 Digital Camera Black Body, OMD EM5 O-MD EM-5;฿4,880.00;2;0;https://lzd-img-global.slatic.net/g/p/ab752dfa6cd4973eebc74ede61b47c23.jpg_200x200q80.jpg_.webp;กล้องมิลเลอร์เลส;https://www.lazada.co.th/products/olympus-om-d-e-m5-digital-camera-black-body-omd-em5-o-md-em-5-i711336445-s1363806330.html?search=1;Lazada
Fujifilm X-T200 Kit 15-45mm.(รับประกัน 1 ปี);฿21,990.00;30;0;https://lzd-img-global.slatic.net/g/p/3195a89ad9c9f4c4a25d9b240bc936b4.jpg_200x200q80.jpg_.webp;กล้องมิลเลอร์เลส;https://www.lazada.co.th/products/fujifilm-x-t200-kit-15-45mm-1-i865860621-s6005580098.html?search=1;Lazada
[กรุงเทพฯ ส่งด่วน 1 ชั่วโมง] กล้องดิจิตอล HD CCD กล้องดิจิตอลขนาดเล็กระดับเริ่มต้น (ฟรีการ์ดหน่วยความจำ 16G + แบตเตอรี่ดั้งเดิม);฿2,130.00;41;0;https://lzd-img-global.slatic.net/g/p/cf9487a18c327b7728c309bae0e24879.jpg_200x200q80.jpg_.webp;กล้องมิลเลอร์เลส;https://www.lazada.co.th/products/1-hd-ccd-16g-i2326893900-s7866214370.html?search=1&freeshipping=1;Lazada
กล้องฟิล์ม HARMAN Camera 35mm Reusable Film Camera *พร้อมส่ง* *มีฟิล์มแถมให้ 2 ม้วน*;฿1,090.00;0;0;https://lzd-img-global.slatic.net/g/p/mdc/1a70a3161a2ad9eb2acf88ac38d8c21f.png_200x200q80.jpg_.webp;กล้องมิลเลอร์เลส;https://www.lazada.co.th/products/harman-camera-35mm-reusable-film-camera-2-i752254298-s1437742025.html?search=1;Lazada
ผ่อน 0%** กล้อง Fujifilm Camera X-T200 ( เลือกบอดี้ / Kit 15-45mm. OIS PZ ) เมนูอังกฤษ - รับประกันร้าน Digilife Thailand 1ปี;฿22,390.00;1;0;https://lzd-img-global.slatic.net/g/p/1ce3dec75fb1fbe0235708de2af4272b.jpg_200x200q80.jpg_.webp;กล้องมิลเลอร์เลส;https://www.lazada.co.th/products/0-fujifilm-camera-x-t200-kit-15-45mm-ois-pz-digilife-thailand-1-i1885210561-s5892958400.html?search=1;Lazada
Canon m50 สภาพสวย ‼️สินค้ามือสองพร้อมเลนส์‼️;฿14,500.00;1;0;https://lzd-img-global.slatic.net/g/ot/lzd-client-service/f0d4dc3fcaa484a13556402c770abfed.jpeg_200x200q80.jpg_.webp;กล้องมิลเลอร์เลส;https://www.lazada.co.th/products/canon-m50-i3371193374-s12480971260.html?search=1;Lazada
แบตดัมมี่ AC Power Adapter Cable + CP-W235 Dummy Battery for FUJIFILM X-T4 Fuji XT4 Camera ประกัน 1 เดือน;฿1,290.00;0;0;https://lzd-img-global.slatic.net/g/p/c47e039a81f9458be8260c377a87a285.jpg_200x200q80.jpg_.webp;กล้องมิลเลอร์เลส;https://www.lazada.co.th/products/ac-power-adapter-cable-cp-w235-dummy-battery-for-fujifilm-x-t4-fuji-xt4-camera-1-i2657719919-s9560768931.html?search=1;Lazada
ฟิล์มกล้อง Olympus OMD-EM10Mark ll โฟกัส ไม่ใช่กระจก;฿165.00;0;0;https://lzd-img-global.slatic.net/g/p/48102429978891de1eff03f75d3061d9.jpg_200x200q80.jpg_.webp;กล้องมิลเลอร์เลส;https://www.lazada.co.th/products/olympus-omd-em10mark-ll-i3579973237-s13365586759.html?search=1;Lazada
Panasonic Lumix DMC-GF3 Pearl White camera with MF 36mm f1.6 lens no limit video, no limit ISO, PAL/NTSC menu;฿3,300.00;2;0;https://lzd-img-global.slatic.net/g/p/71e2f4b7e162f69511132d422c9e8ac5.jpg_200x200q80.jpg_.webp;กล้องมิลเลอร์เลส;https://www.lazada.co.th/products/panasonic-lumix-dmc-gf3-pearl-white-camera-with-mf-36mm-f16-lens-no-limit-video-no-limit-iso-palntsc-menu-i695286103-s1331664053.html?search=1;Lazada
Nikon 1 AW1 GPS Waterproof, Shockproof Freezeproof Digital Camera Black Body;฿4,800.00;0;0;https://lzd-img-global.slatic.net/g/p/f73d28bb4e01673f17e810096ee73986.jpg_200x200q80.jpg_.webp;กล้องมิลเลอร์เลส;https://www.lazada.co.th/products/nikon-1-aw1-gps-waterproof-shockproof-freezeproof-digital-camera-black-body-i1600522108-s4360546384.html?search=1;Lazada
Car Camera 'Lumira' LCDV-005;฿520.00;0;0;https://lzd-img-global.slatic.net/g/p/543686070495f3cea8dd96b285945973.jpg_200x200q80.jpg_.webp;กล้องมิลเลอร์เลส;https://www.lazada.co.th/products/car-camera-lumira-lcdv-005-i2395614173-s8168730062.html?search=1;Lazada
สายแพรจอ Fuji Fujifilm X-A2 อาการจอไม่ติด จอมืด จอขาว จอสีเพี้ยน (ไม่มีตัว IC );฿350.00;1;0;https://lzd-img-global.slatic.net/g/ff/kf/Sbe108be5b7c24152a709dcdc2f0283e31.jpg_200x200q80.jpg_.webp;กล้องมิลเลอร์เลส;https://www.lazada.co.th/products/fuji-fujifilm-x-a2-ic-i2772624860-s10082170144.html?search=1;Lazada
"SALE "" Fuji Camera X100V กล้องคอมแพคกึ่งโปร (รับประกัน 1ปี By Avcentershop) กล้องดิจิตอล";฿57,255.00;0;0;https://lzd-img-global.slatic.net/g/p/386a412b19667cd1c76e89a7b6ac68a5.jpg_200x200q80.jpg_.webp;กล้องมิลเลอร์เลส;https://www.lazada.co.th/products/sale-fuji-camera-x100v-1-by-avcentershop-i1979208304-s6333412673.html?search=1;Lazada
Canon Camera EOS R6 (Body) **เมนูไทย [รับประกัน 1 ปี By AVcentershop];฿74,900.00;4;0;https://lzd-img-global.slatic.net/g/p/341dda9bc6a58bf2dae6ac8bcbf87d87.jpg_200x200q80.jpg_.webp;กล้องมิลเลอร์เลส;https://www.lazada.co.th/products/canon-camera-eos-r6-body-1-by-avcentershop-i1875238358-s5829926142.html?search=1;Lazada
Non-Working หุ่นปลอมกล้อง DSLR รุ่น Photo อุปกรณ์ประกอบฉากในสตูดิโอถ่ายรูปพร้อมสายคล้องคอสำหรับ Canon EOS 7D;฿1,480.80;1;0;https://lzd-img-global.slatic.net/g/p/07fe5525ebef7af6b856daa07e0db481.jpg_200x200q80.jpg_.webp;กล้องมิลเลอร์เลส;https://www.lazada.co.th/products/non-working-dslr-photo-canon-eos-7d-i2283565365-s7673694434.html?search=1&freeshipping=1;Lazada
Olympus Pen E-PL7 Mirrorless Digital Camera Black Silver with Silver 35mm F1.6 MF Lens, EPL7, EP-L7, EPL-7, EPL 7;฿4,490.00;4;0;https://lzd-img-global.slatic.net/g/p/8f6f8a49085ab9146e0c8e5e459625db.jpg_200x200q80.jpg_.webp;กล้องมิลเลอร์เลส;https://www.lazada.co.th/products/olympus-pen-e-pl7-mirrorless-digital-camera-black-silver-with-silver-35mm-f16-mf-lens-epl7-ep-l7-epl-7-epl-7-i725122293-s1388312697.html?search=1;Lazada
กล้องส่องพระ60 หนีบมือถือ;฿150.00;0;0;https://lzd-img-global.slatic.net/g/ff/kf/Sfd76e8b4da8f410687e70c46064ca095L.jpg_200x200q80.jpg_.webp;กล้องมิลเลอร์เลส;https://www.lazada.co.th/products/60-i2643567793-s9498806878.html?search=1;Lazada
Sony A7 24.3MP Wi-Fi NFC Full-Frame Mirrorless Digital Camera Black Body, Alpha ILCE-7 Mk1 Mark 1;฿11,770.00;1;0;https://lzd-img-global.slatic.net/g/p/51034c560a593c3957f1ba689a80846f.jpg_200x200q80.jpg_.webp;กล้องมิลเลอร์เลส;https://www.lazada.co.th/products/sony-a7-243mp-wi-fi-nfc-full-frame-mirrorless-digital-camera-black-body-alpha-ilce-7-mk1-mark-1-i2352223393-s7946869575.html?search=1;Lazada
